Code départemental de l’établissement;Capacité de l’établissement par formation;Effectif des admis néo bacheliers généraux ayant eu une mention au bac;Sélectivité
974;23;21;formation sélective
45;180;157;formation sélective
49;94;93;formation sélective
59;25;23;formation sélective
75;30;31;formation sélective
76;240;231;formation sélective
31;40;0;formation sélective
21;28;20;formation sélective
29;56;25;formation sélective
49;140;59;formation sélective
10;85;42;formation sélective
75;395;453;formation sélective
17;5;0;formation sélective
75;25;0;formation sélective
94;15;29;formation sélective
94;250;248;formation sélective
95;125;104;formation sélective
49;6;0;formation sélective
59;6;0;formation sélective
45;12;0;formation sélective
76;75;41;formation sélective
21;180;78;formation sélective
72;35;27;formation sélective
13;4;0;formation sélective
974;36;18;formation sélective
92;300;8;formation sélective
68;16;13;formation sélective
13;2;0;formation sélective
76;145;102;formation sélective
56;60;39;formation sélective
35;70;50;formation sélective
67;70;52;formation sélective
76;8;1;formation sélective
99;10;1;formation sélective
51;25;0;formation sélective
1;24;2;formation sélective
1;18;1;formation sélective
1;30;0;formation sélective
1;32;1;formation sélective
1;8;0;formation sélective
2;18;0;formation sélective
2;35;0;formation sélective
2;30;0;formation sélective
2;35;2;formation sélective
2;24;4;formation sélective
2;35;0;formation sélective
2;35;3;formation sélective
2;16;0;formation sélective
2;15;0;formation sélective
2;18;1;formation sélective
2;18;0;formation sélective
2;35;2;formation sélective
2;52;9;formation sélective
3;25;27;formation sélective
3;24;0;formation sélective
3;15;0;formation sélective
3;20;2;formation sélective
3;35;4;formation sélective
3;52;1;formation sélective
3;6;0;formation sélective
3;24;0;formation sélective
3;84;20;formation sélective
3;52;17;formation sélective
4;24;1;formation sélective
4;30;0;formation sélective
4;56;22;formation sélective
5;35;0;formation sélective
5;35;3;formation sélective
5;85;28;formation non sélective
6;24;1;formation sélective
6;32;1;formation sélective
6;35;0;formation sélective
6;35;9;formation sélective
6;31;0;formation sélective
6;96;92;formation sélective
6;48;43;formation sélective
6;32;6;formation sélective
6;24;3;formation sélective
6;37;1;formation sélective
6;24;0;formation sélective
6;28;1;formation sélective
6;25;1;formation sélective
6;32;2;formation sélective
6;168;73;formation sélective
6;420;131;formation non sélective
6;60;15;formation non sélective
6;15;0;formation sélective
6;24;2;formation sélective
6;60;27;formation sélective
6;25;8;formation sélective
7;34;1;formation sélective
7;24;0;formation sélective
7;23;0;formation sélective
8;36;4;formation sélective
8;24;0;formation sélective
8;36;0;formation sélective
8;36;2;formation sélective
8;36;2;formation sélective
8;24;3;formation sélective
8;36;1;formation sélective
8;24;1;formation sélective
8;50;8;formation sélective
9;12;0;formation sélective
10;48;36;formation sélective
10;140;33;formation sélective
10;32;2;formation sélective
10;30;0;formation sélective
10;30;1;formation sélective
10;36;4;formation sélective
11;30;0;formation sélective
11;20;1;formation sélective
11;20;0;formation sélective
11;15;0;formation sélective
12;18;0;formation sélective
12;24;0;formation sélective
12;15;0;formation sélective
12;12;0;formation sélective
12;80;29;formation sélective
12;33;0;formation sélective
12;32;9;formation sélective
12;15;0;formation sélective
13;35;0;formation sélective
13;96;93;formation sélective
13;24;0;formation sélective
13;35;1;formation sélective
13;24;13;formation sélective
13;24;0;formation sélective
13;24;1;formation sélective
13;15;0;formation sélective
13;48;7;formation sélective
13;48;2;formation sélective
13;35;0;formation sélective
13;24;1;formation sélective
13;36;15;formation sélective
13;24;0;formation sélective
13;26;0;formation sélective
13;56;3;formation sélective
13;15;0;formation sélective
13;36;1;formation sélective
13;40;0;formation sélective
13;60;57;formation sélective
13;30;1;formation sélective
13;24;1;formation sélective
13;25;2;formation sélective
13;27;2;formation sélective
13;100;10;formation sélective
13;35;0;formation sélective
13;140;57;formation sélective
13;30;2;formation sélective
13;40;3;formation sélective
13;30;0;formation sélective
13;50;5;formation sélective
13;33;2;formation sélective
13;24;0;formation sélective
13;25;0;formation sélective
13;90;42;formation non sélective
14;96;92;formation sélective
14;96;94;formation sélective
14;30;3;formation sélective
14;32;2;formation sélective
14;24;0;formation sélective
14;40;11;formation sélective
14;24;0;formation sélective
14;15;0;formation sélective
14;220;46;formation non sélective
14;80;29;formation non sélective
14;150;61;formation non sélective
14;150;23;formation non sélective
14;65;6;formation non sélective
14;250;60;formation non sélective
14;75;7;formation non sélective
14;12;0;formation sélective
14;15;2;formation sélective
14;12;1;formation sélective
14;49;12;formation sélective
14;56;14;formation sélective
14;28;11;formation sélective
15;15;0;formation sélective
15;30;1;formation sélective
15;28;7;formation sélective
15;18;1;formation sélective
15;52;23;formation sélective
15;78;43;formation sélective
16;28;2;formation sélective
16;16;0;formation sélective
16;16;2;formation sélective
16;20;0;formation sélective
16;20;0;formation sélective
16;24;0;formation sélective
16;12;1;formation sélective
16;18;0;formation sélective
16;12;7;formation sélective
16;54;20;formation sélective
17;27;4;formation sélective
17;21;1;formation sélective
17;30;6;formation sélective
17;20;0;formation sélective
17;27;1;formation sélective
17;32;16;formation sélective
17;162;67;formation sélective
17;35;3;formation sélective
17;100;25;formation non sélective
18;48;22;formation sélective
18;26;2;formation sélective
18;24;1;formation sélective
18;22;1;formation sélective
18;46;12;formation sélective
18;104;23;formation sélective
19;35;2;formation sélective
19;35;0;formation sélective
19;19;1;formation sélective
19;54;7;formation sélective
21;24;5;formation sélective
21;24;1;formation sélective
21;24;0;formation sélective
21;24;10;formation sélective
21;24;0;formation sélective
21;24;1;formation sélective
21;35;0;formation sélective
21;30;0;formation sélective
21;35;1;formation sélective
21;66;10;formation sélective
21;35;3;formation sélective
21;32;3;formation sélective
21;30;6;formation sélective
21;30;0;formation sélective
21;104;38;formation sélective
21;52;19;formation sélective
21;78;25;formation sélective
21;84;34;formation sélective
21;47;10;formation non sélective
21;42;12;formation non sélective
21;80;20;formation non sélective
21;240;73;formation non sélective
21;274;123;formation non sélective
21;230;41;formation non sélective
21;160;29;formation non sélective
21;30;7;formation sélective
22;30;0;formation sélective
22;35;0;formation sélective
22;12;0;formation sélective
22;48;33;formation sélective
22;30;0;formation sélective
22;24;0;formation sélective
22;35;3;formation sélective
22;45;2;formation sélective
22;35;7;formation sélective
22;15;0;formation sélective
22;24;0;formation sélective
22;29;18;formation sélective
22;35;1;formation sélective
22;24;1;formation sélective
22;32;2;formation sélective
23;16;0;formation sélective
23;30;0;formation sélective
23;13;2;formation sélective
23;14;0;formation sélective
24;35;1;formation sélective
24;16;0;formation sélective
24;48;27;formation sélective
24;70;2;formation sélective
25;45;44;formation sélective
25;35;0;formation sélective
25;25;3;formation sélective
25;24;4;formation sélective
25;24;0;formation sélective
25;15;1;formation sélective
25;24;2;formation sélective
25;32;0;formation sélective
25;140;56;formation sélective
25;56;29;formation sélective
25;16;0;formation sélective
25;30;6;formation sélective
25;59;13;formation non sélective
25;70;24;formation non sélective
25;40;12;formation non sélective
25;57;3;formation non sélective
25;350;199;formation non sélective
25;100;1;formation non sélective
25;60;20;formation non sélective
25;55;8;formation non sélective
25;18;4;formation sélective
25;72;25;formation sélective
26;18;0;formation sélective
26;30;0;formation sélective
26;26;3;formation sélective
26;16;0;formation sélective
26;27;1;formation sélective
26;24;0;formation sélective
26;45;11;formation non sélective
27;35;0;formation sélective
27;35;1;formation sélective
27;15;0;formation sélective
27;35;2;formation sélective
27;18;0;formation sélective
27;27;0;formation sélective
27;56;5;formation sélective
27;56;13;formation sélective
28;32;1;formation sélective
28;24;1;formation sélective
28;16;0;formation sélective
28;15;0;formation sélective
28;34;4;formation sélective
28;24;1;formation sélective
28;32;1;formation sélective
29;95;79;formation sélective
29;35;1;formation sélective
29;35;0;formation sélective
29;30;0;formation sélective
29;15;0;formation sélective
29;28;2;formation sélective
29;35;0;formation sélective
29;30;0;formation sélective
29;32;2;formation sélective
29;15;0;formation sélective
29;35;1;formation sélective
29;47;11;formation sélective
29;42;23;formation sélective
29;135;77;formation sélective
29;200;73;formation non sélective
29;60;6;formation non sélective
29;40;0;formation non sélective
29;66;11;formation sélective
29;16;0;formation sélective
29;75;10;formation non sélective
29;30;0;formation sélective
29;33;1;formation sélective
29;24;8;formation sélective
30;15;0;formation sélective
30;15;1;formation sélective
30;30;0;formation sélective
30;35;1;formation sélective
30;35;0;formation sélective
30;40;15;formation sélective
30;30;5;formation sélective
30;35;0;formation sélective
30;35;1;formation sélective
30;34;2;formation sélective
30;15;0;formation sélective
30;20;1;formation sélective
30;35;4;formation sélective
30;200;75;formation non sélective
30;300;35;formation non sélective
31;34;34;formation sélective
31;48;47;formation sélective
31;33;2;formation sélective
31;24;2;formation sélective
31;144;139;formation sélective
31;48;47;formation sélective
31;24;9;formation sélective
31;70;17;formation sélective
31;100;41;formation sélective
31;50;7;formation non sélective
31;50;8;formation non sélective
31;150;64;formation sélective
31;24;4;formation sélective
31;48;8;formation sélective
31;35;3;formation sélective
31;35;0;formation sélective
31;24;1;formation sélective
31;35;4;formation sélective
31;35;3;formation sélective
31;90;77;formation sélective
31;70;8;formation non sélective
31;40;15;formation sélective
31;430;76;formation non sélective
31;165;23;formation non sélective
31;446;243;formation non sélective
31;130;15;formation non sélective
31;130;37;formation non sélective
31;700;273;formation non sélective
31;34;3;formation sélective
31;48;6;formation sélective
31;12;6;formation sélective
31;12;7;formation sélective
31;12;8;formation sélective
31;23;2;formation sélective
31;96;83;formation sélective
31;12;0;formation sélective
32;19;0;formation sélective
32;24;1;formation sélective
32;45;5;formation sélective
33;44;47;formation sélective
33;96;94;formation sélective
33;96;95;formation sélective
33;30;0;formation sélective
33;60;0;formation sélective
33;35;1;formation sélective
33;64;10;formation sélective
33;35;2;formation sélective
33;35;0;formation sélective
33;30;0;formation sélective
33;30;0;formation sélective
33;15;14;formation sélective
33;10;10;formation sélective
33;50;8;formation sélective
33;60;27;formation sélective
33;106;78;formation sélective
33;35;2;formation sélective
33;40;4;formation non sélective
33;85;17;formation non sélective
33;440;139;formation non sélective
33;80;41;formation sélective
33;250;46;formation non sélective
33;145;58;formation sélective
33;70;18;formation sélective
33;40;17;formation non sélective
33;145;50;formation non sélective
33;32;2;formation sélective
33;24;1;formation sélective
33;105;0;formation sélective
33;32;3;formation sélective
33;32;1;formation sélective
33;32;0;formation sélective
33;32;6;formation sélective
33;35;0;formation sélective
33;35;0;formation sélective
33;14;11;formation sélective
33;10;10;formation sélective
34;96;96;formation sélective
34;37;1;formation sélective
34;45;0;formation sélective
34;36;2;formation sélective
34;24;0;formation sélective
34;24;0;formation sélective
34;104;47;formation sélective
34;28;15;formation sélective
34;17;0;formation sélective
34;240;149;formation non sélective
34;540;274;formation non sélective
34;290;124;formation non sélective
34;190;22;formation non sélective
34;45;0;formation non sélective
34;65;13;formation non sélective
34;13;1;formation non sélective
34;40;18;formation non sélective
34;30;1;formation sélective
34;52;1;formation sélective
34;33;0;formation sélective
34;40;9;formation non sélective
34;95;15;formation non sélective
35;30;0;formation sélective
35;35;1;formation sélective
35;35;3;formation sélective
35;35;10;formation sélective
35;24;0;formation sélective
35;85;82;formation sélective
35;35;1;formation sélective
35;30;0;formation sélective
35;30;0;formation sélective
35;15;0;formation sélective
35;15;0;formation sélective
35;35;5;formation sélective
35;35;5;formation sélective
35;19;2;formation sélective
35;20;20;formation sélective
35;160;40;formation non sélective
35;340;83;formation non sélective
35;360;210;formation non sélective
35;365;153;formation non sélective
35;32;0;formation sélective
35;44;1;formation sélective
36;20;4;formation sélective
36;17;0;formation sélective
36;16;1;formation sélective
36;95;31;formation non sélective
36;45;13;formation non sélective
37;36;0;formation sélective
37;15;0;formation sélective
37;22;1;formation sélective
37;38;2;formation sélective
37;32;3;formation sélective
37;32;1;formation sélective
37;320;84;formation non sélective
37;320;56;formation non sélective
37;600;370;formation non sélective
37;48;0;formation sélective
38;24;0;formation sélective
38;34;0;formation sélective
38;144;138;formation sélective
38;30;0;formation sélective
38;56;3;formation sélective
38;120;60;formation sélective
38;95;71;formation sélective
38;78;34;formation sélective
38;22;0;formation sélective
38;24;0;formation sélective
38;38;1;formation sélective
38;15;0;formation sélective
38;145;48;formation sélective
38;28;6;formation sélective
38;28;4;formation sélective
38;15;5;formation non sélective
38;65;12;formation non sélective
38;15;7;formation non sélective
38;25;8;formation non sélective
38;15;2;formation sélective
38;30;0;formation sélective
38;30;1;formation sélective
38;10;7;formation sélective
38;10;3;formation sélective
38;34;1;formation sélective
38;52;0;formation sélective
38;84;24;formation sélective
39;34;7;formation sélective
39;30;4;formation sélective
39;18;0;formation sélective
39;32;1;formation sélective
39;16;0;formation sélective
39;40;1;formation sélective
40;15;0;formation sélective
40;30;0;formation sélective
40;35;1;formation sélective
40;13;2;formation sélective
40;52;18;formation sélective
41;24;0;formation sélective
41;60;0;formation sélective
41;60;8;formation sélective
41;52;21;formation sélective
41;54;19;formation sélective
42;35;0;formation sélective
42;24;0;formation sélective
42;15;0;formation sélective
42;18;0;formation sélective
42;24;0;formation sélective
42;32;4;formation sélective
42;11;1;formation sélective
42;14;1;formation sélective
42;161;61;formation sélective
42;30;0;formation sélective
42;60;3;formation sélective
42;175;58;formation non sélective
42;55;4;formation non sélective
42;60;7;formation non sélective
42;75;11;formation non sélective
42;300;84;formation non sélective
42;110;25;formation sélective
43;8;1;formation sélective
43;40;0;formation sélective
43;40;2;formation sélective
43;24;1;formation sélective
43;52;24;formation sélective
43;25;0;formation sélective
44;144;137;formation sélective
44;30;8;formation sélective
44;35;6;formation sélective
44;35;3;formation sélective
44;15;2;formation sélective
44;33;0;formation sélective
44;14;2;formation sélective
44;10;0;formation sélective
44;22;0;formation sélective
44;18;1;formation sélective
44;90;24;formation sélective
44;104;49;formation sélective
44;35;20;formation sélective
44;15;1;formation sélective
44;35;6;formation sélective
44;45;6;formation sélective
44;14;0;formation sélective
44;15;0;formation sélective
44;28;1;formation sélective
44;24;0;formation sélective
44;23;0;formation sélective
44;33;1;formation sélective
44;33;1;formation sélective
44;33;0;formation sélective
44;34;10;formation sélective
44;40;12;formation sélective
44;30;2;formation sélective
44;32;3;formation sélective
44;78;8;formation sélective
44;115;29;formation sélective
44;420;140;formation non sélective
44;190;54;formation non sélective
44;300;83;formation non sélective
44;428;68;formation non sélective
44;18;7;formation sélective
44;18;2;formation sélective
44;68;9;formation sélective
44;24;1;formation sélective
44;24;0;formation sélective
45;24;0;formation sélective
45;144;136;formation sélective
45;48;11;formation sélective
45;58;2;formation sélective
45;50;4;formation sélective
45;14;0;formation sélective
45;14;0;formation sélective
45;28;1;formation sélective
45;28;3;formation sélective
45;24;6;formation sélective
45;350;140;formation non sélective
45;30;3;formation sélective
46;12;0;formation sélective
46;28;1;formation sélective
46;15;0;formation sélective
46;28;1;formation sélective
47;35;7;formation sélective
47;15;0;formation sélective
47;35;0;formation sélective
47;35;0;formation sélective
47;11;0;formation sélective
47;15;0;formation sélective
48;35;1;formation sélective
48;18;1;formation sélective
48;26;0;formation sélective
48;36;1;formation sélective
48;40;6;formation sélective
49;33;2;formation sélective
49;66;3;formation sélective
49;10;0;formation sélective
49;80;37;formation sélective
49;30;14;formation sélective
49;38;21;formation sélective
49;10;0;formation sélective
49;50;14;formation non sélective
49;75;37;formation non sélective
49;12;0;formation sélective
49;18;0;formation sélective
49;18;0;formation sélective
49;35;1;formation sélective
49;70;4;formation sélective
49;48;26;formation sélective
49;40;26;formation sélective
49;35;2;formation sélective
50;18;0;formation sélective
50;24;0;formation sélective
50;30;2;formation sélective
50;18;1;formation sélective
50;12;0;formation sélective
50;36;3;formation sélective
50;22;0;formation sélective
50;25;3;formation sélective
50;24;0;formation sélective
50;24;0;formation sélective
50;35;1;formation sélective
50;15;0;formation sélective
50;25;1;formation sélective
50;32;1;formation sélective
51;96;62;formation sélective
51;96;45;formation sélective
51;15;3;formation sélective
51;30;6;formation sélective
51;72;4;formation sélective
51;36;1;formation sélective
51;15;0;formation sélective
51;24;1;formation sélective
51;19;1;formation sélective
51;210;41;formation non sélective
51;270;84;formation non sélective
51;15;0;formation sélective
51;15;0;formation sélective
51;15;1;formation sélective
51;60;1;formation sélective
52;24;1;formation sélective
52;24;4;formation sélective
52;20;2;formation sélective
52;20;1;formation sélective
52;35;0;formation sélective
52;12;0;formation sélective
53;30;0;formation sélective
53;24;1;formation sélective
53;15;1;formation sélective
53;50;0;formation sélective
53;32;5;formation sélective
53;16;0;formation sélective
54;15;1;formation sélective
54;35;1;formation sélective
54;24;1;formation sélective
54;96;87;formation sélective
54;96;86;formation sélective
54;35;15;formation sélective
54;24;1;formation sélective
54;45;3;formation sélective
54;35;3;formation sélective
54;27;6;formation sélective
54;180;26;formation non sélective
54;32;16;formation sélective
54;30;2;formation non sélective
54;120;13;formation sélective
54;20;1;formation non sélective
54;250;42;formation non sélective
54;24;0;formation sélective
54;35;2;formation sélective
54;15;0;formation sélective
54;52;4;formation sélective
54;135;18;formation sélective
54;35;1;formation sélective
55;35;1;formation sélective
55;18;0;formation sélective
55;30;1;formation sélective
56;32;1;formation sélective
56;48;48;formation sélective
56;35;0;formation sélective
56;15;0;formation sélective
56;24;1;formation sélective
56;35;0;formation sélective
56;50;2;formation sélective
56;35;0;formation sélective
56;35;0;formation sélective
56;35;1;formation sélective
56;76;36;formation sélective
56;24;3;formation sélective
56;112;24;formation non sélective
56;40;1;formation non sélective
56;260;149;formation non sélective
56;144;45;formation non sélective
57;24;0;formation sélective
57;15;1;formation sélective
57;35;3;formation sélective
57;15;0;formation sélective
57;24;0;formation sélective
57;30;0;formation sélective
57;168;54;formation sélective
57;140;37;formation sélective
57;90;3;formation non sélective
57;160;56;formation non sélective
57;110;23;formation non sélective
57;90;19;formation non sélective
57;54;0;formation non sélective
57;50;12;formation non sélective
57;300;101;formation non sélective
57;45;0;formation non sélective
57;15;0;formation sélective
57;24;0;formation sélective
57;30;0;formation sélective
57;15;0;formation sélective
57;24;0;formation sélective
57;6;5;formation sélective
57;24;2;formation sélective
57;35;1;formation sélective
58;26;23;formation sélective
58;24;0;formation sélective
58;34;4;formation sélective
58;12;2;formation sélective
59;48;34;formation sélective
59;18;1;formation sélective
59;36;0;formation sélective
59;30;0;formation sélective
59;35;0;formation sélective
59;18;0;formation sélective
59;35;6;formation sélective
59;24;2;formation sélective
59;62;56;formation sélective
59;24;0;formation sélective
59;35;1;formation sélective
59;59;17;formation sélective
59;15;0;formation sélective
59;30;0;formation sélective
59;15;0;formation sélective
59;15;0;formation sélective
59;30;3;formation sélective
59;15;0;formation sélective
59;13;8;formation sélective
59;13;4;formation sélective
59;13;6;formation sélective
59;32;1;formation sélective
59;24;0;formation sélective
59;32;0;formation sélective
59;16;0;formation sélective
59;32;0;formation sélective
59;35;0;formation sélective
59;30;0;formation sélective
59;48;19;formation sélective
59;59;1;formation sélective
59;35;1;formation sélective
59;48;48;formation sélective
59;100;77;formation sélective
59;173;57;formation sélective
59;34;1;formation sélective
59;35;1;formation sélective
59;32;0;formation sélective
59;35;2;formation sélective
59;30;0;formation sélective
59;30;0;formation sélective
59;36;1;formation sélective
59;20;0;formation sélective
59;36;1;formation sélective
59;48;20;formation sélective
59;48;4;formation sélective
59;24;2;formation sélective
59;36;4;formation sélective
59;35;1;formation sélective
59;50;15;formation non sélective
59;70;9;formation non sélective
59;180;47;formation non sélective
59;120;28;formation sélective
59;70;13;formation non sélective
59;50;4;formation non sélective
59;150;47;formation non sélective
59;40;4;formation sélective
59;200;73;formation non sélective
59;90;35;formation sélective
59;80;12;formation non sélective
59;370;202;formation non sélective
59;225;63;formation non sélective
59;100;25;formation non sélective
59;1085;451;formation non sélective
59;100;31;formation sélective
59;15;0;formation sélective
59;30;0;formation sélective
59;15;0;formation sélective
59;66;1;formation sélective
59;58;23;formation sélective
59;36;3;formation sélective
59;35;2;formation sélective
59;35;0;formation sélective
59;20;1;formation sélective
59;15;0;formation sélective
59;35;0;formation sélective
59;39;4;formation sélective
59;35;3;formation sélective
59;124;16;formation sélective
59;35;0;formation sélective
60;33;9;formation sélective
60;33;0;formation sélective
60;15;0;formation sélective
60;18;0;formation sélective
60;32;1;formation sélective
60;15;2;formation sélective
60;15;1;formation sélective
60;30;4;formation sélective
60;30;0;formation sélective
60;33;0;formation sélective
60;33;0;formation sélective
60;35;4;formation sélective
60;28;0;formation sélective
60;16;0;formation sélective
60;20;1;formation sélective
60;35;3;formation sélective
60;30;1;formation sélective
60;50;3;formation non sélective
61;30;2;formation sélective
61;56;4;formation sélective
61;40;0;formation sélective
61;15;1;formation sélective
62;48;43;formation sélective
62;32;2;formation sélective
62;35;1;formation sélective
62;33;3;formation sélective
62;35;6;formation sélective
62;30;1;formation sélective
62;15;0;formation sélective
62;30;1;formation sélective
62;32;0;formation sélective
62;35;1;formation sélective
62;35;1;formation sélective
62;35;2;formation sélective
62;35;1;formation sélective
62;108;28;formation non sélective
62;20;2;formation sélective
62;18;0;formation sélective
62;40;3;formation sélective
62;122;29;formation sélective
62;65;10;formation sélective
62;30;0;formation sélective
62;30;0;formation sélective
62;35;9;formation sélective
62;30;0;formation sélective
62;35;6;formation sélective
62;30;1;formation sélective
62;70;23;formation non sélective
62;72;20;formation non sélective
62;45;17;formation non sélective
62;44;20;formation non sélective
62;60;60;formation sélective
62;28;10;formation sélective
62;48;6;formation sélective
62;32;13;formation sélective
62;30;0;formation sélective
63;96;72;formation sélective
63;35;8;formation sélective
63;24;0;formation sélective
63;15;0;formation sélective
63;15;0;formation sélective
63;35;9;formation sélective
63;90;5;formation sélective
63;24;8;formation sélective
63;72;2;formation sélective
63;26;0;formation sélective
63;48;28;formation sélective
63;35;0;formation sélective
63;280;45;formation non sélective
63;95;53;formation sélective
63;50;2;formation non sélective
63;50;1;formation non sélective
63;120;30;formation non sélective
63;450;132;formation non sélective
63;280;82;formation non sélective
63;120;80;formation non sélective
63;70;10;formation sélective
64;30;1;formation sélective
64;48;25;formation sélective
64;30;0;formation sélective
64;48;45;formation sélective
64;48;0;formation sélective
64;30;0;formation sélective
64;30;2;formation sélective
64;45;7;formation sélective
64;80;13;formation non sélective
64;250;127;formation non sélective
64;45;20;formation sélective
64;64;39;formation sélective
64;30;2;formation sélective
64;34;6;formation sélective
64;150;46;formation non sélective
64;34;6;formation sélective
64;30;1;formation sélective
65;30;15;formation sélective
65;27;1;formation sélective
65;85;36;formation sélective
66;40;0;formation sélective
66;35;1;formation sélective
66;16;0;formation sélective
66;120;29;formation non sélective
66;50;6;formation non sélective
66;135;15;formation non sélective
66;50;21;formation non sélective
66;40;8;formation non sélective
66;40;0;formation sélective
67;35;5;formation sélective
67;30;1;formation sélective
67;33;0;formation sélective
67;94;92;formation sélective
67;192;182;formation sélective
67;30;6;formation sélective
67;70;32;formation sélective
67;36;35;formation sélective
67;15;0;formation sélective
67;116;79;formation sélective
67;88;46;formation sélective
67;30;9;formation sélective
67;28;13;formation sélective
67;38;1;formation sélective
67;24;4;formation sélective
67;30;10;formation sélective
67;44;22;formation sélective
67;45;46;formation sélective
67;540;207;formation non sélective
67;180;62;formation non sélective
67;115;31;formation non sélective
67;60;5;formation non sélective
67;20;0;formation non sélective
67;30;0;formation non sélective
67;45;6;formation non sélective
67;40;1;formation non sélective
67;525;224;formation non sélective
67;20;5;formation non sélective
68;27;3;formation sélective
68;34;1;formation sélective
68;24;0;formation sélective
68;70;26;formation sélective
68;120;50;formation sélective
68;24;0;formation sélective
68;36;0;formation sélective
68;52;9;formation sélective
68;52;10;formation sélective
68;36;12;formation sélective
68;10;8;formation sélective
68;120;21;formation non sélective
68;70;11;formation non sélective
68;25;2;formation non sélective
68;80;34;formation non sélective
68;32;0;formation sélective
68;28;6;formation sélective
68;35;0;formation sélective
68;30;6;formation sélective
69;35;5;formation sélective
69;35;2;formation sélective
69;140;134;formation sélective
69;138;133;formation sélective
69;96;86;formation sélective
69;20;15;formation sélective
69;15;0;formation sélective
69;40;0;formation sélective
69;59;6;formation sélective
69;32;2;formation sélective
69;15;1;formation sélective
69;45;3;formation sélective
69;30;0;formation sélective
69;75;14;formation sélective
69;23;0;formation sélective
69;32;2;formation sélective
69;112;60;formation sélective
69;161;59;formation sélective
69;42;24;formation sélective
69;36;2;formation sélective
69;32;1;formation sélective
69;15;0;formation sélective
69;20;2;formation sélective
69;610;256;formation non sélective
69;92;16;formation sélective
69;300;154;formation sélective
69;135;28;formation non sélective
69;76;12;formation non sélective
69;230;108;formation non sélective
69;5;0;formation sélective
69;325;181;formation non sélective
69;120;29;formation non sélective
69;20;0;formation sélective
69;30;0;formation sélective
69;24;1;formation sélective
69;36;0;formation sélective
69;96;92;formation sélective
69;15;0;formation sélective
69;35;2;formation sélective
69;32;1;formation sélective
70;24;0;formation sélective
70;12;0;formation sélective
70;26;3;formation sélective
71;36;0;formation sélective
71;15;0;formation sélective
71;15;0;formation sélective
71;24;0;formation sélective
71;24;0;formation sélective
71;12;0;formation sélective
71;19;1;formation sélective
72;27;3;formation sélective
72;19;0;formation sélective
72;48;40;formation sélective
72;24;0;formation sélective
72;117;32;formation sélective
72;24;6;formation sélective
72;68;65;formation sélective
72;40;34;formation sélective
72;20;20;formation sélective
72;80;6;formation non sélective
72;80;19;formation non sélective
72;315;116;formation non sélective
72;150;34;formation non sélective
72;11;0;formation sélective
72;24;0;formation sélective
72;34;10;formation sélective
72;34;1;formation sélective
73;24;0;formation sélective
73;45;25;formation sélective
73;15;0;formation sélective
73;24;0;formation sélective
73;32;1;formation sélective
73;30;8;formation non sélective
73;100;31;formation non sélective
73;60;14;formation non sélective
73;305;127;formation non sélective
73;40;20;formation non sélective
73;15;3;formation non sélective
73;53;27;formation sélective
74;96;96;formation sélective
74;34;0;formation sélective
74;40;10;formation sélective
74;15;0;formation sélective
74;15;0;formation sélective
74;15;0;formation sélective
74;24;3;formation sélective
74;14;2;formation sélective
74;35;4;formation sélective
74;15;0;formation sélective
74;115;41;formation sélective
74;115;51;formation sélective
74;16;3;formation sélective
74;54;19;formation sélective
74;15;0;formation sélective
75;48;52;formation sélective
75;59;2;formation sélective
75;24;0;formation sélective
75;24;1;formation sélective
75;48;39;formation sélective
75;192;191;formation sélective
75;48;46;formation sélective
75;48;42;formation sélective
75;42;42;formation sélective
75;15;1;formation sélective
75;24;0;formation sélective
75;48;1;formation sélective
75;24;0;formation sélective
75;60;12;formation sélective
75;60;8;formation sélective
75;90;12;formation sélective
75;30;4;formation sélective
75;35;0;formation sélective
75;30;0;formation sélective
75;30;0;formation sélective
75;48;33;formation sélective
75;35;2;formation sélective
75;96;0;formation sélective
75;46;13;formation sélective
75;14;0;formation sélective
75;24;0;formation sélective
75;24;1;formation sélective
75;375;207;formation non sélective
75;60;54;formation sélective
75;340;182;formation non sélective
75;725;464;formation non sélective
75;950;915;formation non sélective
75;313;159;formation non sélective
75;26;15;formation non sélective
75;70;58;formation non sélective
75;250;123;formation non sélective
75;30;17;formation non sélective
75;40;7;formation non sélective
75;145;89;formation non sélective
75;70;17;formation non sélective
75;55;3;formation non sélective
75;70;12;formation non sélective
75;180;86;formation sélective
75;60;49;formation sélective
75;540;138;formation non sélective
75;257;50;formation non sélective
75;200;96;formation non sélective
75;215;155;formation non sélective
75;65;43;formation sélective
75;86;52;formation non sélective
75;100;53;formation non sélective
75;80;53;formation non sélective
75;30;17;formation sélective
75;35;4;formation sélective
75;35;3;formation sélective
75;15;2;formation non sélective
75;25;3;formation non sélective
75;15;0;formation non sélective
75;20;0;formation non sélective
75;25;0;formation non sélective
75;30;0;formation non sélective
75;50;2;formation non sélective
75;15;0;formation non sélective
75;25;0;formation non sélective
75;75;4;formation non sélective
75;10;0;formation non sélective
75;150;58;formation non sélective
75;48;49;formation sélective
75;36;0;formation sélective
75;33;2;formation sélective
75;56;7;formation sélective
75;28;20;formation sélective
75;24;4;formation sélective
75;94;43;formation sélective
75;30;0;formation sélective
75;30;1;formation sélective
75;30;3;formation sélective
76;35;0;formation sélective
76;35;0;formation sélective
76;33;2;formation sélective
76;30;1;formation sélective
76;18;1;formation sélective
76;15;0;formation sélective
76;48;10;formation sélective
76;12;6;formation sélective
76;35;1;formation sélective
76;70;1;formation sélective
76;70;2;formation sélective
76;35;3;formation sélective
76;29;7;formation sélective
76;45;0;formation sélective
76;56;15;formation sélective
76;35;0;formation sélective
76;15;0;formation sélective
76;13;0;formation sélective
76;35;0;formation sélective
76;100;40;formation sélective
76;34;3;formation sélective
76;35;0;formation sélective
76;35;0;formation sélective
76;35;1;formation sélective
76;45;1;formation sélective
76;40;21;formation sélective
76;230;13;formation non sélective
76;120;18;formation non sélective
76;550;74;formation non sélective
76;50;6;formation sélective
76;30;0;formation sélective
76;200;80;formation non sélective
76;160;46;formation non sélective
77;30;2;formation sélective
77;24;0;formation sélective
77;24;0;formation sélective
77;45;1;formation sélective
77;48;48;formation sélective
77;33;1;formation sélective
77;34;1;formation sélective
77;24;7;formation sélective
77;35;0;formation sélective
77;48;1;formation sélective
77;35;1;formation sélective
77;108;29;formation sélective
77;130;35;formation sélective
77;82;24;formation sélective
77;96;29;formation sélective
77;175;59;formation non sélective
77;175;39;formation non sélective
77;130;61;formation non sélective
77;60;32;formation sélective
77;140;24;formation non sélective
77;80;21;formation non sélective
77;112;16;formation non sélective
77;110;76;formation sélective
78;21;0;formation sélective
78;70;69;formation sélective
78;140;92;formation sélective
78;30;1;formation sélective
78;35;4;formation sélective
78;35;0;formation sélective
78;56;15;formation sélective
78;120;24;formation non sélective
78;186;57;formation non sélective
78;26;8;formation sélective
78;48;23;formation sélective
78;22;0;formation sélective
78;35;0;formation sélective
78;26;0;formation sélective
78;35;0;formation sélective
78;35;2;formation sélective
78;40;12;formation sélective
78;96;82;formation sélective
78;35;1;formation sélective
78;35;1;formation sélective
78;35;1;formation sélective
78;15;0;formation sélective
78;30;1;formation sélective
78;35;0;formation sélective
78;32;0;formation sélective
78;32;0;formation sélective
79;20;1;formation sélective
79;20;0;formation sélective
79;20;0;formation sélective
79;27;5;formation sélective
79;32;3;formation sélective
79;18;1;formation sélective
79;24;0;formation sélective
80;32;1;formation sélective
80;48;44;formation sélective
80;16;0;formation sélective
80;32;0;formation sélective
80;18;2;formation sélective
80;24;0;formation sélective
80;24;0;formation sélective
80;24;0;formation sélective
80;62;13;formation non sélective
80;275;59;formation non sélective
80;536;260;formation non sélective
80;35;0;formation sélective
80;24;0;formation sélective
80;35;2;formation sélective
81;24;0;formation sélective
81;15;0;formation sélective
81;36;4;formation sélective
81;35;1;formation sélective
81;50;13;formation sélective
81;185;92;formation non sélective
81;155;90;formation non sélective
81;25;10;formation non sélective
82;20;0;formation sélective
82;24;0;formation sélective
82;35;2;formation sélective
82;16;0;formation sélective
82;150;68;formation non sélective
83;60;3;formation sélective
83;35;1;formation sélective
83;15;0;formation sélective
83;24;3;formation sélective
83;24;0;formation sélective
83;26;0;formation sélective
83;48;43;formation sélective
83;96;26;formation sélective
83;26;11;formation sélective
83;135;37;formation non sélective
83;75;12;formation non sélective
83;600;159;formation non sélective
83;335;46;formation non sélective
83;145;44;formation non sélective
83;4;1;formation sélective
83;28;6;formation sélective
83;160;37;formation non sélective
83;15;1;formation sélective
83;21;5;formation sélective
83;18;0;formation sélective
84;15;0;formation sélective
84;16;0;formation sélective
84;80;2;formation non sélective
84;200;22;formation non sélective
85;18;1;formation sélective
85;35;0;formation sélective
85;15;0;formation sélective
85;10;0;formation sélective
85;24;0;formation sélective
85;18;0;formation sélective
85;12;0;formation sélective
85;18;0;formation sélective
85;35;4;formation sélective
85;35;2;formation sélective
85;15;2;formation sélective
85;24;0;formation sélective
85;27;0;formation sélective
85;38;1;formation sélective
85;26;4;formation sélective
85;8;5;formation sélective
85;46;25;formation sélective
85;120;53;formation non sélective
86;48;39;formation sélective
86;34;1;formation sélective
86;59;9;formation sélective
86;24;1;formation sélective
86;26;0;formation sélective
86;24;1;formation sélective
87;35;9;formation sélective
87;35;2;formation sélective
87;52;21;formation sélective
87;140;42;formation sélective
87;27;0;formation sélective
87;120;23;formation non sélective
87;400;145;formation non sélective
88;24;0;formation sélective
88;15;1;formation sélective
88;32;8;formation sélective
88;52;1;formation sélective
88;110;33;formation sélective
89;24;0;formation sélective
89;12;0;formation sélective
89;18;0;formation sélective
89;15;0;formation sélective
89;15;2;formation sélective
90;15;1;formation sélective
90;96;36;formation sélective
90;84;27;formation sélective
90;56;5;formation sélective
91;24;0;formation sélective
91;34;1;formation sélective
91;32;2;formation sélective
91;35;0;formation sélective
91;83;79;formation sélective
91;32;16;formation sélective
91;30;0;formation sélective
91;32;3;formation sélective
91;125;45;formation sélective
91;150;64;formation sélective
91;300;159;formation non sélective
91;105;28;formation non sélective
91;40;29;formation sélective
91;35;0;formation sélective
91;30;0;formation sélective
91;420;98;formation non sélective
91;108;34;formation sélective
92;32;0;formation sélective
92;48;42;formation sélective
92;30;0;formation sélective
92;92;92;formation sélective
92;48;13;formation sélective
92;88;86;formation sélective
92;30;0;formation sélective
92;48;18;formation sélective
92;35;4;formation sélective
92;38;43;formation sélective
92;28;0;formation sélective
92;77;5;formation sélective
92;45;45;formation sélective
92;86;9;formation sélective
92;30;0;formation sélective
92;28;0;formation sélective
92;60;40;formation sélective
92;95;14;formation non sélective
92;188;63;formation non sélective
92;70;27;formation non sélective
92;351;130;formation sélective
92;38;1;formation sélective
93;24;0;formation sélective
93;35;0;formation sélective
93;24;0;formation sélective
93;30;0;formation sélective
93;24;0;formation sélective
93;35;0;formation sélective
93;35;31;formation sélective
93;24;0;formation sélective
93;59;2;formation sélective
93;100;4;formation sélective
93;170;30;formation sélective
93;100;20;formation sélective
93;128;47;formation sélective
93;163;50;formation sélective
93;168;44;formation sélective
93;115;13;formation non sélective
93;84;3;formation non sélective
93;70;2;formation non sélective
93;165;47;formation non sélective
93;24;2;formation sélective
93;27;3;formation sélective
93;18;0;formation sélective
93;34;1;formation sélective
93;35;0;formation sélective
93;112;25;formation sélective
93;50;21;formation sélective
94;30;1;formation sélective
94;35;1;formation sélective
94;24;0;formation sélective
94;144;142;formation sélective
94;70;22;formation sélective
94;24;0;formation sélective
94;32;0;formation sélective
94;32;0;formation sélective
94;60;7;formation sélective
94;24;0;formation sélective
94;70;0;formation sélective
94;30;0;formation sélective
94;36;1;formation sélective
94;36;5;formation sélective
94;270;30;formation non sélective
94;65;30;formation sélective
94;68;23;formation sélective
95;24;1;formation sélective
95;34;0;formation sélective
95;34;1;formation sélective
95;34;0;formation sélective
95;34;0;formation sélective
95;35;0;formation sélective
95;35;0;formation sélective
95;35;1;formation sélective
95;35;0;formation sélective
95;40;5;formation sélective
95;27;15;formation sélective
95;32;1;formation sélective
95;32;14;formation sélective
95;233;82;formation non sélective
95;70;16;formation non sélective
95;160;76;formation sélective
95;32;0;formation sélective
95;50;4;formation sélective
95;88;25;formation sélective
95;18;1;formation sélective
95;48;5;formation sélective
20;32;26;formation sélective
20;16;2;formation sélective
20;34;15;formation sélective
20;56;17;formation sélective
20;55;6;formation non sélective
971;48;7;formation sélective
971;15;0;formation sélective
971;16;1;formation sélective
971;30;0;formation sélective
971;57;17;formation sélective
972;29;3;formation sélective
972;29;9;formation sélective
972;30;1;formation sélective
972;30;1;formation sélective
972;24;0;formation sélective
972;12;0;formation sélective
972;24;0;formation sélective
972;20;1;formation sélective
972;30;2;formation sélective
972;75;2;formation non sélective
973;24;10;formation sélective
973;24;0;formation sélective
973;20;1;formation sélective
973;24;5;formation sélective
973;180;33;formation non sélective
974;35;4;formation sélective
974;15;1;formation sélective
974;35;0;formation sélective
974;30;1;formation sélective
974;35;0;formation sélective
974;24;8;formation sélective
974;30;3;formation sélective
974;15;0;formation sélective
974;54;25;formation sélective
974;108;31;formation sélective
974;35;3;formation sélective
974;30;4;formation sélective
974;18;1;formation sélective
974;15;2;formation sélective
987;40;8;formation non sélective
987;40;12;formation non sélective
974;60;35;formation sélective
26;60;3;formation sélective
33;15;0;formation sélective
45;60;22;formation non sélective
36;30;11;formation non sélective
75;88;2;formation sélective
69;46;3;formation sélective
33;30;3;formation sélective
21;15;4;formation sélective
34;53;9;formation sélective
38;15;0;formation sélective
26;24;0;formation sélective
40;11;0;formation sélective
59;250;211;formation sélective
75;30;2;formation non sélective
67;24;3;formation sélective
59;95;71;formation sélective
38;15;4;formation sélective
33;40;25;formation sélective
13;519;192;formation non sélective
13;105;40;formation non sélective
59;48;15;formation non sélective
13;112;9;formation non sélective
13;85;23;formation non sélective
13;65;16;formation non sélective
13;45;45;formation sélective
59;100;8;formation non sélective
59;200;29;formation non sélective
974;34;1;formation sélective
974;30;3;formation sélective
59;392;103;formation non sélective
78;65;21;formation non sélective
92;30;31;formation sélective
21;415;66;formation non sélective
85;140;60;formation sélective
33;8;8;formation sélective
59;15;0;formation sélective
54;30;8;formation sélective
13;20;0;formation sélective
87;35;41;formation sélective
42;24;0;formation sélective
42;14;0;formation sélective
14;15;0;formation sélective
91;6;0;formation sélective
67;24;0;formation sélective
75;15;0;formation sélective
987;17;0;formation sélective
82;24;2;formation sélective
92;20;0;formation sélective
64;12;6;formation sélective
35;280;64;formation sélective
35;80;3;formation sélective
976;120;19;formation non sélective
69;10;3;formation non sélective
66;44;9;formation sélective
69;16;0;formation non sélective
87;19;0;formation sélective
54;240;119;formation non sélective
1;65;12;formation non sélective
91;23;14;formation sélective
83;12;1;formation sélective
57;100;19;formation non sélective
25;18;5;formation sélective
75;32;25;formation sélective
67;40;8;formation non sélective
971;28;0;formation sélective
67;30;14;formation sélective
67;40;8;formation non sélective
53;44;6;formation sélective
78;25;1;formation sélective
974;16;0;formation sélective
75;12;0;formation sélective
38;22;0;formation sélective
68;110;34;formation non sélective
82;18;0;formation sélective
63;24;7;formation sélective
2;17;1;formation sélective
37;15;2;formation sélective
971;8;0;formation sélective
35;15;0;formation sélective
50;18;3;formation sélective
976;35;0;formation sélective
84;20;7;formation sélective
92;35;8;formation non sélective
92;20;6;formation sélective
34;40;3;formation non sélective
64;40;8;formation non sélective
34;125;45;formation non sélective
34;100;33;formation non sélective
91;35;14;formation sélective
91;112;14;formation non sélective
75;60;47;formation sélective
75;65;66;formation non sélective
76;100;11;formation non sélective
63;140;51;formation non sélective
971;18;0;formation sélective
67;50;8;formation sélective
987;26;0;formation sélective
93;13;3;formation sélective
95;20;8;formation sélective
59;115;27;formation non sélective
93;250;26;formation non sélective
67;70;2;formation sélective
67;70;0;formation sélective
67;70;0;formation sélective
63;25;21;formation sélective
17;15;13;formation sélective
49;20;18;formation sélective
85;40;17;formation sélective
59;120;11;formation non sélective
59;80;5;formation non sélective
59;150;38;formation non sélective
75;57;40;formation sélective
973;19;0;formation sélective
62;36;3;formation non sélective
59;36;3;formation non sélective
82;56;13;formation sélective
21;19;0;formation sélective
974;34;0;formation sélective
72;40;11;formation non sélective
34;28;1;formation sélective
32;9;0;formation sélective
81;18;3;formation sélective
45;15;0;formation sélective
973;30;0;formation sélective
71;15;0;formation sélective
22;15;3;formation sélective
84;15;1;formation sélective
69;12;0;formation sélective
56;35;1;formation sélective
63;15;2;formation sélective
35;35;0;formation sélective
974;14;0;formation sélective
987;33;4;formation sélective
43;8;0;formation sélective
31;24;0;formation sélective
75;15;0;formation sélective
972;25;1;formation sélective
20;35;3;formation non sélective
77;20;11;formation sélective
69;5;3;formation sélective
67;14;0;formation sélective
26;12;3;formation sélective
56;115;12;formation non sélective
31;60;32;formation sélective
75;20;15;formation sélective
34;370;118;formation non sélective
72;13;0;formation sélective
30;15;0;formation sélective
77;75;61;formation non sélective
27;18;0;formation sélective
26;26;6;formation sélective
49;125;86;formation non sélective
95;20;6;formation sélective
82;18;0;formation sélective
12;12;3;formation sélective
10;21;0;formation sélective
82;15;0;formation sélective
90;45;24;formation sélective
13;30;2;formation sélective
47;15;0;formation sélective
94;24;0;formation sélective
94;90;62;formation sélective
29;15;3;formation sélective
56;16;4;formation sélective
974;12;0;formation sélective
30;18;0;formation sélective
972;13;1;formation sélective
69;28;4;formation non sélective
31;120;85;formation non sélective
49;45;33;formation sélective
33;20;6;formation sélective
33;10;8;formation sélective
974;15;0;formation sélective
29;12;0;formation sélective
75;16;13;formation sélective
66;18;9;formation sélective
38;20;4;formation sélective
44;42;37;formation sélective
75;30;16;formation non sélective
33;15;7;formation sélective
64;16;6;formation sélective
35;14;0;formation sélective
34;12;0;formation sélective
63;15;1;formation sélective
45;20;16;formation sélective
69;18;2;formation non sélective
69;5;3;formation sélective
69;5;1;formation sélective
49;40;21;formation sélective
35;15;0;formation sélective
30;48;0;formation sélective
987;18;0;formation sélective
28;16;1;formation sélective
68;13;0;formation sélective
31;14;0;formation sélective
82;12;0;formation sélective
31;11;1;formation sélective
75;33;2;formation sélective
5;30;1;formation sélective
23;10;0;formation sélective
69;25;7;formation sélective
13;15;0;formation sélective
987;17;0;formation sélective
35;40;6;formation non sélective
33;10;5;formation sélective
29;16;5;formation sélective
78;21;5;formation sélective
38;32;9;formation sélective
14;150;19;formation non sélective
17;7;3;formation sélective
24;16;0;formation sélective
33;15;1;formation sélective
40;20;0;formation sélective
35;485;150;formation non sélective
35;175;50;formation non sélective
14;30;9;formation sélective
75;25;4;formation sélective
38;15;0;formation sélective
31;36;3;formation sélective
44;27;0;formation sélective
987;35;21;formation sélective
972;90;19;formation non sélective
14;25;3;formation non sélective
14;25;1;formation non sélective
971;140;29;formation non sélective
20;17;0;formation sélective
14;40;13;formation non sélective
94;5;0;formation sélective
29;2;0;formation sélective
974;24;13;formation sélective
6;36;32;formation sélective
971;90;3;formation non sélective
32;19;1;formation sélective
21;40;18;formation non sélective
6;22;21;formation sélective
49;40;17;formation sélective
16;20;1;formation sélective
95;20;7;formation sélective
49;15;0;formation sélective
89;24;0;formation sélective
92;30;0;formation sélective
78;21;1;formation sélective
92;18;0;formation sélective
44;10;0;formation sélective
62;15;1;formation sélective
59;35;0;formation sélective
59;15;0;formation sélective
86;15;1;formation sélective
75;24;0;formation sélective
56;16;0;formation sélective
75;90;39;formation sélective
56;15;0;formation sélective
87;12;0;formation sélective
17;12;0;formation sélective
89;8;0;formation sélective
75;24;5;formation sélective
69;26;22;formation sélective
31;23;2;formation sélective
974;15;0;formation sélective
62;15;0;formation sélective
972;26;0;formation sélective
13;15;0;formation sélective
971;26;2;formation sélective
66;16;0;formation sélective
13;22;19;formation sélective
73;24;0;formation sélective
974;35;0;formation sélective
33;17;3;formation sélective
83;195;33;formation non sélective
67;23;2;formation sélective
30;160;32;formation non sélective
14;80;2;formation non sélective
44;145;84;formation non sélective
59;27;1;formation sélective
37;16;0;formation sélective
37;60;4;formation non sélective
91;32;0;formation sélective
94;7;0;formation sélective
86;150;40;formation non sélective
76;12;0;formation sélective
86;30;28;formation sélective
86;580;227;formation non sélective
92;35;0;formation sélective
33;10;12;formation sélective
80;54;9;formation non sélective
68;15;7;formation non sélective
68;10;0;formation non sélective
86;60;59;formation sélective
38;2400;8;formation sélective
69;1200;0;formation sélective
86;1500;8;formation sélective
83;15;1;formation sélective
11;34;10;formation non sélective
973;16;0;formation sélective
3;50;37;formation sélective
77;14;5;formation sélective
20;25;1;formation non sélective
17;10;5;formation sélective
25;15;0;formation sélective
75;60;58;formation sélective
84;20;11;formation sélective
31;10;2;formation sélective
976;28;1;formation sélective
971;15;2;formation sélective
21;3;0;formation sélective
974;3;0;formation sélective
59;7;0;formation sélective
31;3;0;formation sélective
57;12;0;formation sélective
67;90;44;formation non sélective
67;22;5;formation sélective
33;15;0;formation sélective
95;24;1;formation sélective
17;80;25;formation non sélective
21;20;20;formation sélective
67;14;3;formation sélective
67;14;5;formation sélective
25;15;1;formation sélective
25;15;9;formation sélective
92;8;1;formation sélective
69;15;8;formation sélective
69;15;9;formation sélective
69;15;3;formation sélective
95;15;2;formation sélective
35;12;0;formation sélective
971;16;0;formation sélective
69;15;9;formation sélective
69;17;5;formation sélective
58;15;1;formation sélective
66;35;11;formation sélective
69;12;0;formation sélective
31;15;5;formation sélective
75;9;1;formation sélective
75;24;6;formation sélective
23;15;11;formation sélective
23;15;2;formation sélective
75;12;4;formation sélective
23;15;1;formation sélective
75;15;7;formation sélective
75;180;165;formation sélective
75;30;6;formation sélective
7;2;0;formation sélective
70;12;0;formation sélective
79;10;0;formation sélective
95;15;3;formation sélective
91;15;4;formation sélective
75;16;13;formation sélective
75;24;8;formation sélective
75;15;8;formation sélective
75;15;10;formation sélective
75;8;3;formation sélective
31;12;0;formation sélective
972;28;0;formation sélective
31;12;0;formation sélective
75;8;2;formation sélective
74;30;29;formation non sélective
971;20;1;formation sélective
971;25;1;formation sélective
42;30;3;formation sélective
69;33;0;formation sélective
69;35;2;formation sélective
59;30;0;formation sélective
57;32;5;formation sélective
33;30;27;formation sélective
70;24;1;formation sélective
86;14;1;formation sélective
59;38;21;formation sélective
49;4;0;formation sélective
59;8;0;formation sélective
59;10;0;formation sélective
60;5;0;formation sélective
93;15;0;formation sélective
94;12;0;formation sélective
53;5;0;formation sélective
33;10;0;formation sélective
59;5;0;formation sélective
59;5;0;formation sélective
94;16;0;formation sélective
75;250;42;formation sélective
95;76;5;formation sélective
13;80;5;formation sélective
5;35;4;formation sélective
13;58;14;formation sélective
13;83;9;formation sélective
13;120;14;formation sélective
13;154;12;formation sélective
84;98;14;formation sélective
93;86;5;formation sélective
93;180;11;formation sélective
91;151;22;formation sélective
6;75;17;formation sélective
6;93;18;formation sélective
2;88;8;formation sélective
60;118;7;formation sélective
80;109;19;formation sélective
21;49;8;formation sélective
71;56;10;formation sélective
50;61;23;formation sélective
15;76;1;formation sélective
26;69;5;formation sélective
59;74;10;formation sélective
59;91;15;formation sélective
62;105;16;formation sélective
38;54;6;formation sélective
48;41;1;formation sélective
66;89;12;formation sélective
54;139;28;formation sélective
54;75;19;formation sélective
57;315;47;formation sélective
75;103;11;formation sélective
94;80;4;formation sélective
79;132;26;formation sélective
10;89;10;formation sélective
51;129;4;formation sélective
52;45;2;formation sélective
27;151;10;formation sélective
68;109;25;formation sélective
46;57;5;formation sélective
18;37;3;formation sélective
77;101;9;formation sélective
77;97;10;formation sélective
77;57;0;formation sélective
78;69;7;formation sélective
92;93;5;formation sélective
95;15;0;formation sélective
45;450;175;formation non sélective
13;105;8;formation non sélective
47;80;9;formation non sélective
33;85;3;formation non sélective
33;40;1;formation non sélective
63;15;0;formation sélective
94;5;0;formation sélective
971;122;22;formation sélective
972;95;14;formation sélective
22;30;2;formation sélective
35;39;5;formation sélective
56;86;18;formation sélective
29;101;15;formation sélective
76;35;40;formation sélective
61;50;4;formation sélective
40;15;0;formation sélective
47;15;0;formation sélective
60;10;0;formation sélective
71;10;0;formation sélective
31;22;0;formation sélective
31;40;1;formation sélective
75;16;7;formation sélective
60;150;36;formation non sélective
86;120;33;formation non sélective
86;40;3;formation non sélective
86;5;1;formation non sélective
86;15;3;formation non sélective
86;5;0;formation non sélective
75;30;21;formation sélective
14;25;1;formation sélective
35;34;5;formation sélective
34;30;1;formation sélective
34;14;0;formation sélective
30;24;1;formation sélective
75;39;8;formation sélective
75;53;4;formation sélective
16;12;0;formation sélective
29;22;3;formation sélective
91;38;5;formation sélective
44;20;17;formation sélective
976;19;0;formation sélective
94;24;9;formation sélective
30;100;11;formation non sélective
75;80;7;formation sélective
31;70;13;formation sélective
31;40;9;formation sélective
75;24;13;formation non sélective
51;46;0;formation sélective
33;76;19;formation sélective
40;83;8;formation sélective
6;25;0;formation sélective
81;4;4;formation non sélective
75;82;17;formation non sélective
75;8;5;formation non sélective
75;20;16;formation non sélective
75;36;5;formation non sélective
75;32;26;formation non sélective
13;223;19;formation non sélective
95;30;4;formation sélective
75;12;0;formation non sélective
75;10;7;formation sélective
75;10;3;formation sélective
13;50;9;formation non sélective
13;120;50;formation non sélective
75;33;9;formation non sélective
75;6;0;formation non sélective
42;36;0;formation sélective
94;58;15;formation non sélective
13;15;7;formation sélective
13;15;3;formation sélective
13;16;6;formation sélective
16;150;51;formation non sélective
75;55;7;formation non sélective
45;270;36;formation non sélective
42;15;13;formation sélective
35;7;0;formation sélective
35;7;0;formation sélective
54;15;5;formation sélective
54;15;11;formation sélective
63;15;10;formation sélective
59;40;3;formation non sélective
59;13;1;formation non sélective
44;10;9;formation sélective
44;8;7;formation sélective
90;60;33;formation sélective
64;15;4;formation sélective
61;15;5;formation sélective
75;10;5;formation sélective
79;15;5;formation sélective
75;25;0;formation non sélective
44;30;10;formation sélective
17;18;15;formation sélective
6;15;0;formation sélective
6;15;0;formation sélective
83;15;4;formation sélective
75;16;10;formation sélective
38;15;4;formation sélective
38;15;4;formation sélective
59;110;91;formation non sélective
94;170;7;formation non sélective
94;130;12;formation non sélective
66;68;12;formation non sélective
13;15;0;formation sélective
6;15;5;formation sélective
69;16;10;formation sélective
63;14;8;formation sélective
13;24;14;formation sélective
92;30;23;formation sélective
92;105;72;formation sélective
92;10;6;formation sélective
92;10;1;formation sélective
78;50;48;formation sélective
29;12;0;formation sélective
17;12;0;formation sélective
59;96;95;formation sélective
69;30;6;formation sélective
69;20;11;formation sélective
59;17;11;formation sélective
59;16;4;formation sélective
93;24;0;formation sélective
29;30;0;formation sélective
69;16;0;formation sélective
69;12;2;formation sélective
49;32;3;formation sélective
22;27;2;formation sélective
76;16;1;formation sélective
35;16;0;formation sélective
13;50;0;formation sélective
13;60;3;formation sélective
21;55;8;formation sélective
31;55;5;formation sélective
33;65;5;formation sélective
37;100;6;formation sélective
44;54;3;formation sélective
48;20;1;formation sélective
54;24;4;formation sélective
92;70;2;formation sélective
57;59;7;formation sélective
91;38;3;formation sélective
59;35;4;formation sélective
87;49;6;formation sélective
86;50;1;formation sélective
86;5;0;formation sélective
59;14;0;formation sélective
83;27;2;formation sélective
67;4;0;formation sélective
68;26;3;formation sélective
35;54;1;formation sélective
35;80;3;formation sélective
29;10;0;formation sélective
8;15;0;formation sélective
51;15;1;formation sélective
94;24;8;formation sélective
59;43;2;formation sélective
75;12;6;formation sélective
6;15;0;formation sélective
59;85;15;formation sélective
974;16;0;formation sélective
976;10;0;formation sélective
2;12;1;formation sélective
2;12;0;formation sélective
62;36;19;formation sélective
14;36;9;formation sélective
16;25;6;formation sélective
34;50;26;formation sélective
6;55;40;formation sélective
38;15;0;formation sélective
33;25;12;formation sélective
80;17;4;formation sélective
60;12;0;formation sélective
2;15;1;formation sélective
37;44;8;formation sélective
46;31;2;formation sélective
1;16;0;formation sélective
971;15;1;formation sélective
95;98;9;formation sélective
72;59;3;formation sélective
14;20;2;formation sélective
972;18;6;formation sélective
31;39;5;formation sélective
92;60;4;formation sélective
93;63;1;formation sélective
31;22;2;formation sélective
93;30;0;formation sélective
80;12;3;formation non sélective
80;22;1;formation non sélective
80;30;2;formation non sélective
21;12;0;formation sélective
75;150;5;formation sélective
74;12;0;formation sélective
58;18;0;formation sélective
71;15;0;formation sélective
79;32;3;formation sélective
69;25;2;formation sélective
31;12;0;formation sélective
68;8;0;formation sélective
75;24;0;formation sélective
77;53;21;formation sélective
92;82;32;formation sélective
94;90;26;formation sélective
69;15;11;formation sélective
31;12;0;formation sélective
75;259;280;formation sélective
67;185;118;formation sélective
59;6;3;formation sélective
34;11;1;formation sélective
35;15;0;formation sélective
59;184;136;formation sélective
33;12;11;formation sélective
63;12;4;formation sélective
75;90;77;formation sélective
59;600;610;formation sélective
92;500;512;formation sélective
38;29;11;formation sélective
75;98;5;formation sélective
17;35;14;formation sélective
51;80;70;formation sélective
75;150;128;formation sélective
51;50;26;formation sélective
75;400;67;formation sélective
69;80;50;formation sélective
13;40;26;formation sélective
95;140;124;formation sélective
80;30;1;formation sélective
71;18;0;formation sélective
6;45;1;formation sélective
10;25;7;formation sélective
10;50;12;formation sélective
75;56;26;formation sélective
33;24;6;formation sélective
75;190;39;formation sélective
75;300;158;formation sélective
974;12;0;formation sélective
83;29;7;formation sélective
24;195;44;formation non sélective
33;1390;735;formation non sélective
33;12;7;formation sélective
91;80;16;formation non sélective
974;40;5;formation non sélective
974;80;11;formation non sélective
8;40;18;formation non sélective
59;160;58;formation non sélective
75;200;43;formation sélective
29;15;1;formation sélective
93;15;5;formation sélective
33;36;16;formation sélective
92;25;13;formation sélective
20;9;0;formation sélective
45;350;79;formation non sélective
35;50;12;formation non sélective
35;70;5;formation non sélective
77;10;0;formation sélective
63;80;78;formation non sélective
63;120;63;formation non sélective
63;40;34;formation non sélective
63;40;10;formation non sélective
56;10;2;formation non sélective
56;20;3;formation non sélective
56;20;3;formation non sélective
75;150;38;formation sélective
76;36;9;formation non sélective
49;5;1;formation non sélective
17;30;0;formation sélective
972;50;10;formation non sélective
33;240;120;formation non sélective
14;20;10;formation non sélective
75;5;1;formation sélective
75;3;1;formation sélective
75;4;1;formation sélective
75;4;0;formation sélective
83;5;0;formation sélective
57;16;4;formation non sélective
57;16;10;formation non sélective
54;40;34;formation non sélective
54;50;21;formation non sélective
54;18;3;formation non sélective
87;24;16;formation non sélective
87;24;14;formation non sélective
69;35;8;formation non sélective
44;13;1;formation sélective
59;60;22;formation sélective
5;15;0;formation sélective
75;20;20;formation sélective
75;10;8;formation sélective
91;100;1;formation sélective
86;120;20;formation non sélective
49;10;2;formation non sélective
49;20;14;formation non sélective
35;40;24;formation non sélective
25;46;15;formation non sélective
971;20;12;formation non sélective
92;14;3;formation sélective
6;162;145;formation non sélective
31;18;3;formation non sélective
63;80;8;formation non sélective
974;50;6;formation non sélective
974;50;2;formation non sélective
974;70;11;formation non sélective
974;30;10;formation non sélective
87;2;0;formation sélective
59;35;18;formation sélective
37;90;51;formation non sélective
37;150;126;formation non sélective
63;5;1;formation non sélective
14;80;76;formation non sélective
14;80;66;formation non sélective
971;30;0;formation sélective
13;12;0;formation sélective
37;70;12;formation non sélective
47;25;1;formation sélective
24;110;14;formation non sélective
78;45;18;formation sélective
62;36;1;formation non sélective
62;36;3;formation non sélective
42;96;83;formation non sélective
31;60;19;formation non sélective
13;20;5;formation non sélective
58;6;3;formation non sélective
44;36;34;formation non sélective
69;50;9;formation sélective
69;52;18;formation sélective
33;17;8;formation sélective
58;6;5;formation non sélective
59;22;17;formation sélective
35;15;8;formation sélective
33;25;11;formation sélective
75;80;62;formation non sélective
22;35;2;formation sélective
44;108;68;formation non sélective
93;32;5;formation non sélective
69;160;102;formation non sélective
93;25;0;formation non sélective
93;32;1;formation non sélective
95;465;123;formation non sélective
29;20;18;formation non sélective
29;35;33;formation non sélective
94;25;3;formation non sélective
972;20;5;formation non sélective
972;25;1;formation non sélective
974;90;0;formation non sélective
53;30;12;formation non sélective
59;80;44;formation non sélective
90;20;0;formation sélective
93;2;0;formation sélective
93;3;0;formation sélective
93;2;0;formation sélective
93;30;12;formation non sélective
6;15;0;formation sélective
66;17;0;formation sélective
69;15;9;formation sélective
94;35;15;formation non sélective
13;40;31;formation non sélective
973;140;55;formation non sélective
13;45;12;formation non sélective
13;39;29;formation non sélective
94;70;23;formation sélective
21;5;2;formation non sélective
13;65;44;formation non sélective
80;600;490;formation non sélective
13;43;35;formation non sélective
61;120;8;formation non sélective
29;260;56;formation non sélective
59;45;8;formation non sélective
13;36;20;formation sélective
64;35;26;formation non sélective
75;100;93;formation non sélective
63;25;13;formation sélective
34;30;12;formation non sélective
86;80;44;formation non sélective
86;40;13;formation non sélective
86;40;39;formation non sélective
29;200;29;formation non sélective
13;32;5;formation non sélective
30;30;6;formation non sélective
91;25;18;formation sélective
91;50;32;formation sélective
59;70;12;formation non sélective
78;25;0;formation sélective
84;32;1;formation sélective
67;24;1;formation sélective
91;25;13;formation sélective
78;7;3;formation non sélective
91;35;33;formation non sélective
78;2;0;formation non sélective
78;10;4;formation non sélective
78;40;19;formation non sélective
85;12;0;formation sélective
64;10;3;formation sélective
75;10;7;formation non sélective
59;70;61;formation non sélective
49;62;4;formation sélective
62;72;14;formation non sélective
62;108;53;formation non sélective
75;3;2;formation sélective
59;40;37;formation non sélective
44;9;3;formation sélective
44;9;5;formation sélective
44;9;8;formation sélective
69;25;0;formation sélective
59;35;4;formation sélective
59;55;10;formation sélective
59;125;115;formation non sélective
59;105;71;formation non sélective
35;20;19;formation sélective
67;120;72;formation non sélective
67;120;89;formation non sélective
67;400;324;formation non sélective
72;2;1;formation non sélective
71;12;0;formation sélective
14;22;9;formation sélective
69;36;40;formation sélective
69;135;94;formation sélective
35;85;77;formation sélective
76;85;23;formation sélective
95;30;0;formation sélective
59;10;1;formation non sélective
95;15;0;formation sélective
92;70;9;formation non sélective
75;5;1;formation non sélective
78;24;0;formation sélective
6;24;2;formation sélective
10;40;9;formation sélective
34;35;2;formation sélective
15;12;0;formation sélective
75;10;0;formation non sélective
75;15;1;formation non sélective
73;2;0;formation non sélective
73;2;0;formation non sélective
73;4;2;formation non sélective
73;2;0;formation non sélective
70;5;6;formation sélective
10;24;3;formation sélective
52;18;1;formation sélective
31;20;17;formation non sélective
31;35;22;formation non sélective
31;20;15;formation non sélective
3;18;2;formation sélective
77;35;0;formation sélective
2;15;2;formation sélective
60;15;0;formation sélective
31;18;1;formation sélective
77;24;1;formation sélective
94;28;1;formation sélective
32;24;0;formation sélective
81;18;1;formation sélective
8;15;0;formation sélective
34;20;1;formation sélective
20;6;0;formation sélective
29;35;3;formation sélective
13;27;7;formation sélective
31;24;0;formation sélective
77;15;0;formation sélective
34;28;0;formation sélective
971;15;0;formation sélective
80;10;0;formation sélective
95;24;3;formation sélective
2;20;1;formation sélective
83;24;3;formation sélective
75;16;8;formation sélective
72;5;0;formation sélective
76;36;27;formation non sélective
31;5;0;formation non sélective
69;40;40;formation sélective
93;160;22;formation non sélective
93;75;2;formation non sélective
974;12;0;formation sélective
31;15;0;formation non sélective
13;5;0;formation sélective
44;1;0;formation sélective
49;170;93;formation sélective
76;72;58;formation non sélective
75;179;98;formation non sélective
38;70;52;formation non sélective
26;200;74;formation non sélective
26;25;19;formation non sélective
38;520;141;formation non sélective
38;120;28;formation non sélective
33;80;32;formation non sélective
33;428;148;formation non sélective
75;4;4;formation sélective
42;42;22;formation sélective
974;20;3;formation sélective
33;4;0;formation sélective
49;10;0;formation sélective
75;36;10;formation sélective
51;212;228;formation sélective
95;165;137;formation sélective
64;80;73;formation sélective
95;50;53;formation sélective
13;24;14;formation sélective
13;24;6;formation sélective
90;45;8;formation sélective
33;63;58;formation sélective
64;48;45;formation sélective
77;35;6;formation sélective
94;48;18;formation sélective
38;24;16;formation sélective
38;10;0;formation sélective
971;42;17;formation sélective
59;30;2;formation sélective
59;24;19;formation sélective
59;40;44;formation sélective
1;20;2;formation sélective
69;18;17;formation sélective
34;36;25;formation sélective
54;24;6;formation sélective
72;48;18;formation sélective
44;35;12;formation sélective
72;24;7;formation sélective
14;48;23;formation sélective
76;48;11;formation sélective
75;24;19;formation sélective
75;48;14;formation sélective
75;48;42;formation sélective
75;42;42;formation sélective
75;40;41;formation sélective
35;23;23;formation sélective
974;12;2;formation sélective
65;30;7;formation sélective
78;33;10;formation sélective
91;40;19;formation sélective
74;24;13;formation sélective
29;24;15;formation sélective
92;25;25;formation sélective
35;23;22;formation sélective
59;30;14;formation sélective
69;24;19;formation sélective
95;21;4;formation sélective
21;24;16;formation sélective
69;20;17;formation sélective
83;24;3;formation sélective
69;24;23;formation sélective
78;24;23;formation sélective
74;24;18;formation sélective
26;9;6;formation sélective
29;24;12;formation sélective
75;23;23;formation sélective
92;25;25;formation sélective
35;25;25;formation sélective
95;21;11;formation sélective
94;24;23;formation sélective
69;22;23;formation sélective
38;14;5;formation sélective
92;23;23;formation sélective
35;25;24;formation sélective
69;24;20;formation sélective
35;25;25;formation sélective
83;24;9;formation sélective
75;24;25;formation sélective
67;24;22;formation sélective
59;14;9;formation sélective
35;70;70;formation sélective
69;48;47;formation sélective
38;270;254;formation non sélective
49;2;0;formation sélective
84;20;16;formation non sélective
84;20;15;formation non sélective
87;20;16;formation non sélective
87;24;11;formation non sélective
79;40;2;formation non sélective
83;5;2;formation non sélective
83;15;16;formation non sélective
83;10;5;formation non sélective
30;19;4;formation non sélective
30;38;20;formation non sélective
34;150;137;formation non sélective
21;29;14;formation sélective
17;50;4;formation sélective
37;40;2;formation sélective
59;5;1;formation non sélective
38;2;0;formation sélective
38;45;17;formation non sélective
35;80;71;formation non sélective
38;90;38;formation non sélective
44;40;9;formation non sélective
44;18;5;formation non sélective
44;60;11;formation non sélective
44;67;18;formation non sélective
44;18;2;formation non sélective
35;20;19;formation sélective
13;60;3;formation non sélective
37;15;3;formation sélective
59;48;44;formation sélective
69;10;12;formation sélective
75;48;45;formation sélective
37;10;5;formation sélective
37;5;1;formation sélective
87;18;4;formation non sélective
51;141;140;formation non sélective
51;125;110;formation non sélective
69;55;28;formation non sélective
85;60;40;formation sélective
45;100;16;formation sélective
976;24;3;formation sélective
69;12;4;formation sélective
69;32;20;formation sélective
59;120;59;formation sélective
6;35;13;formation non sélective
59;40;0;formation sélective
93;15;2;formation sélective
74;15;9;formation sélective
34;20;5;formation non sélective
59;24;4;formation sélective
45;50;7;formation sélective
75;30;1;formation sélective
59;25;25;formation sélective
95;10;3;formation non sélective
20;6;1;formation sélective
99;20;9;formation sélective
75;26;26;formation sélective
75;24;24;formation sélective
75;16;16;formation sélective
51;22;22;formation sélective
76;5;6;formation sélective
2;10;6;formation non sélective
971;18;0;formation sélective
84;16;1;formation sélective
35;160;135;formation non sélective
78;16;1;formation sélective
75;20;19;formation non sélective
78;25;24;formation non sélective
87;20;9;formation sélective
95;24;0;formation sélective
59;10;0;formation sélective
78;24;2;formation sélective
42;32;14;formation non sélective
49;35;16;formation non sélective
12;40;9;formation non sélective
29;40;31;formation non sélective
63;200;32;formation non sélective
63;395;65;formation non sélective
76;150;127;formation non sélective
12;15;0;formation non sélective
95;50;10;formation sélective
51;50;14;formation sélective
35;28;6;formation sélective
974;40;3;formation sélective
13;165;130;formation sélective
45;25;5;formation sélective
54;24;2;formation sélective
93;60;14;formation sélective
53;18;3;formation sélective
13;24;6;formation sélective
89;18;0;formation sélective
6;24;27;formation sélective
37;15;0;formation sélective
31;60;9;formation sélective
27;18;0;formation sélective
57;15;3;formation sélective
80;15;2;formation sélective
987;21;0;formation sélective
59;15;0;formation sélective
75;32;7;formation non sélective
75;40;39;formation non sélective
75;40;37;formation non sélective
92;40;4;formation sélective
22;6;0;formation sélective
59;240;40;formation non sélective
75;33;18;formation sélective
971;24;0;formation sélective
987;14;0;formation sélective
79;12;0;formation sélective
34;7;0;formation sélective
12;15;0;formation sélective
67;45;18;formation sélective
974;15;0;formation sélective
24;32;4;formation sélective
30;18;1;formation sélective
51;12;0;formation sélective
45;32;2;formation sélective
13;15;0;formation sélective
972;12;0;formation sélective
77;24;4;formation sélective
59;18;1;formation sélective
2;15;0;formation sélective
56;20;0;formation sélective
31;32;11;formation non sélective
75;2;2;formation sélective
75;75;75;formation sélective
49;13;7;formation sélective
49;2;2;formation sélective
94;15;5;formation sélective
13;3;1;formation sélective
83;5;2;formation sélective
31;50;1;formation non sélective
75;25;2;formation sélective
49;3;0;formation sélective
29;2;0;formation sélective
29;2;0;formation sélective
1;36;10;formation sélective
86;100;22;formation non sélective
86;360;125;formation non sélective
93;2;0;formation sélective
14;2;0;formation sélective
75;20;16;formation sélective
69;64;34;formation non sélective
69;121;38;formation non sélective
69;5;1;formation non sélective
69;3;0;formation non sélective
69;3;0;formation non sélective
69;12;2;formation non sélective
69;13;3;formation non sélective
69;108;23;formation non sélective
69;21;2;formation non sélective
69;20;6;formation non sélective
69;31;25;formation non sélective
69;56;8;formation non sélective
69;28;17;formation non sélective
69;117;28;formation non sélective
33;36;11;formation sélective
69;7;0;formation non sélective
69;65;27;formation non sélective
69;134;21;formation non sélective
69;146;155;formation non sélective
69;63;36;formation non sélective
20;30;5;formation non sélective
44;80;60;formation sélective
14;200;84;formation non sélective
972;22;7;formation sélective
76;36;23;formation non sélective
56;50;6;formation non sélective
56;10;3;formation non sélective
17;10;11;formation sélective
75;36;3;formation sélective
987;100;74;formation non sélective
33;40;3;formation non sélective
33;40;4;formation non sélective
42;180;107;formation non sélective
42;30;5;formation non sélective
42;35;4;formation non sélective
42;60;18;formation non sélective
42;60;2;formation non sélective
42;54;20;formation non sélective
42;120;61;formation non sélective
49;110;27;formation non sélective
29;45;42;formation non sélective
83;16;0;formation sélective
59;450;44;formation non sélective
20;6;0;formation sélective
20;6;0;formation sélective
49;110;45;formation non sélective
20;6;0;formation sélective
59;24;0;formation non sélective
42;15;0;formation sélective
44;24;8;formation sélective
34;140;54;formation non sélective
34;375;197;formation non sélective
69;50;13;formation sélective
44;50;6;formation non sélective
31;45;11;formation sélective
31;45;29;formation sélective
91;20;15;formation non sélective
31;25;23;formation non sélective
85;12;0;formation sélective
49;17;1;formation sélective
6;35;7;formation non sélective
68;15;11;formation non sélective
29;52;8;formation non sélective
75;40;27;formation sélective
75;48;45;formation sélective
86;21;10;formation sélective
976;15;0;formation sélective
69;35;31;formation non sélective
33;35;4;formation sélective
94;25;1;formation sélective
56;16;0;formation sélective
94;20;18;formation sélective
44;32;17;formation non sélective
8;16;1;formation sélective
31;30;7;formation sélective
987;18;0;formation sélective
69;50;34;formation non sélective
971;40;3;formation non sélective
87;150;123;formation non sélective
971;16;4;formation sélective
91;35;1;formation sélective
64;18;0;formation sélective
44;12;0;formation sélective
69;30;8;formation sélective
75;24;12;formation sélective
44;40;61;formation sélective
13;25;5;formation sélective
6;72;4;formation sélective
971;15;4;formation sélective
33;15;5;formation sélective
56;30;8;formation sélective
22;15;1;formation sélective
91;10;1;formation sélective
44;18;9;formation non sélective
44;18;7;formation non sélective
88;15;0;formation sélective
4;15;0;formation sélective
13;15;0;formation sélective
38;24;4;formation sélective
59;15;0;formation sélective
14;24;0;formation sélective
50;12;0;formation sélective
6;45;14;formation sélective
2;25;0;formation sélective
59;25;5;formation sélective
93;12;0;formation sélective
78;20;0;formation sélective
78;20;1;formation sélective
56;20;1;formation sélective
22;45;0;formation non sélective
6;90;83;formation non sélective
42;12;0;formation sélective
13;12;0;formation sélective
84;24;2;formation sélective
8;19;0;formation sélective
49;15;0;formation sélective
55;19;1;formation sélective
34;90;2;formation sélective
69;3;0;formation sélective
38;3;0;formation sélective
69;5;0;formation sélective
74;3;0;formation sélective
12;3;0;formation sélective
81;1;0;formation sélective
81;1;0;formation sélective
31;2;0;formation sélective
12;2;0;formation sélective
63;3;0;formation sélective
78;15;0;formation sélective
34;10;4;formation sélective
34;10;3;formation sélective
34;10;6;formation sélective
60;2;0;formation sélective
60;1;0;formation sélective
87;19;0;formation sélective
45;15;13;formation non sélective
972;12;0;formation sélective
31;12;0;formation sélective
29;14;1;formation sélective
75;4;0;formation sélective
31;113;116;formation sélective
13;180;160;formation sélective
54;82;66;formation sélective
60;400;333;formation sélective
69;23;0;formation sélective
35;24;9;formation sélective
59;296;182;formation sélective
69;135;118;formation sélective
83;80;16;formation sélective
93;240;223;formation sélective
53;120;133;formation sélective
59;50;30;formation sélective
31;120;136;formation sélective
26;30;32;formation sélective
94;130;63;formation sélective
38;6;0;formation sélective
59;215;179;formation sélective
13;6;0;formation sélective
38;100;11;formation sélective
68;40;36;formation sélective
76;5;0;formation sélective
94;45;18;formation sélective
94;30;15;formation sélective
44;35;17;formation sélective
66;21;21;formation sélective
33;25;0;formation sélective
1;32;0;formation sélective
1;35;0;formation sélective
1;13;0;formation sélective
1;35;1;formation sélective
1;24;2;formation sélective
1;30;6;formation sélective
1;15;0;formation sélective
1;24;0;formation sélective
1;80;20;formation non sélective
2;15;0;formation sélective
2;33;1;formation sélective
2;22;0;formation sélective
2;48;21;formation sélective
2;15;10;formation sélective
2;15;0;formation sélective
2;18;0;formation sélective
2;52;4;formation sélective
2;35;1;formation sélective
3;35;2;formation sélective
3;56;10;formation sélective
3;25;0;formation sélective
4;35;0;formation sélective
4;28;13;formation sélective
4;60;17;formation sélective
6;25;0;formation sélective
6;24;0;formation sélective
6;30;10;formation sélective
6;84;0;formation sélective
6;30;2;formation sélective
6;36;31;formation sélective
6;24;2;formation sélective
6;104;25;formation sélective
6;80;15;formation non sélective
6;508;183;formation non sélective
6;94;81;formation sélective
6;26;18;formation sélective
7;12;0;formation sélective
7;20;1;formation sélective
7;30;3;formation sélective
7;24;0;formation sélective
8;9;0;formation sélective
8;9;0;formation sélective
8;24;0;formation sélective
8;80;11;formation sélective
9;24;2;formation sélective
10;6;0;formation sélective
10;24;0;formation sélective
10;24;1;formation sélective
10;15;1;formation sélective
10;14;0;formation sélective
10;80;13;formation sélective
10;320;57;formation non sélective
11;32;1;formation sélective
11;15;1;formation sélective
11;15;0;formation sélective
11;18;1;formation sélective
11;45;6;formation sélective
11;15;0;formation sélective
11;40;3;formation sélective
12;18;0;formation sélective
12;24;0;formation sélective
13;48;48;formation sélective
13;70;4;formation sélective
13;35;0;formation sélective
13;48;47;formation sélective
13;24;24;formation sélective
13;30;2;formation sélective
13;32;2;formation sélective
13;30;1;formation sélective
13;30;5;formation sélective
13;35;4;formation sélective
13;30;0;formation sélective
13;30;0;formation sélective
13;28;0;formation sélective
13;24;1;formation sélective
13;175;115;formation sélective
13;32;4;formation sélective
13;24;0;formation sélective
13;35;14;formation sélective
13;53;15;formation sélective
13;84;19;formation sélective
13;104;26;formation sélective
13;104;47;formation sélective
13;60;28;formation sélective
13;25;5;formation non sélective
13;100;32;formation non sélective
13;35;1;formation sélective
13;24;0;formation sélective
13;35;4;formation sélective
13;18;0;formation sélective
13;15;0;formation sélective
14;32;2;formation sélective
14;35;1;formation sélective
14;18;6;formation sélective
14;52;16;formation sélective
14;162;63;formation sélective
14;14;2;formation sélective
14;23;0;formation sélective
14;25;7;formation non sélective
14;250;104;formation non sélective
14;25;1;formation non sélective
14;24;1;formation sélective
14;26;1;formation sélective
14;25;0;formation sélective
14;12;0;formation sélective
14;36;0;formation sélective
14;15;1;formation sélective
14;50;19;formation sélective
14;50;9;formation sélective
15;15;1;formation sélective
16;12;0;formation sélective
16;80;1;formation sélective
16;54;6;formation sélective
17;24;19;formation sélective
17;45;0;formation sélective
17;30;1;formation sélective
17;20;0;formation sélective
17;15;0;formation sélective
17;100;53;formation sélective
17;100;59;formation sélective
17;16;0;formation sélective
17;11;0;formation sélective
17;105;43;formation non sélective
17;255;126;formation non sélective
17;70;10;formation non sélective
17;36;8;formation non sélective
17;150;94;formation non sélective
18;18;1;formation sélective
18;24;0;formation sélective
18;36;0;formation sélective
18;24;1;formation sélective
18;30;1;formation sélective
18;19;0;formation sélective
18;16;0;formation sélective
18;30;0;formation sélective
18;30;6;formation sélective
18;24;0;formation sélective
19;24;0;formation sélective
19;22;0;formation sélective
19;18;0;formation sélective
19;30;2;formation sélective
19;30;2;formation sélective
19;12;1;formation sélective
19;38;0;formation sélective
19;32;4;formation sélective
19;78;13;formation sélective
21;33;2;formation sélective
21;33;2;formation sélective
21;34;0;formation sélective
21;34;0;formation sélective
21;52;19;formation sélective
21;56;24;formation sélective
21;105;64;formation non sélective
21;100;24;formation non sélective
21;15;1;formation sélective
21;24;2;formation sélective
22;15;0;formation sélective
22;24;0;formation sélective
22;48;48;formation sélective
22;35;2;formation sélective
22;35;2;formation sélective
22;29;12;formation sélective
22;30;2;formation sélective
22;45;7;formation non sélective
23;15;0;formation sélective
23;24;0;formation sélective
24;24;2;formation sélective
24;35;1;formation sélective
24;28;2;formation sélective
24;52;24;formation sélective
24;26;18;formation sélective
25;10;0;formation sélective
25;36;17;formation sélective
25;36;8;formation sélective
25;15;0;formation sélective
25;24;0;formation sélective
25;24;0;formation sélective
25;72;25;formation sélective
25;28;2;formation sélective
25;57;27;formation non sélective
25;220;36;formation non sélective
25;80;13;formation non sélective
25;80;2;formation non sélective
25;200;50;formation non sélective
25;17;1;formation sélective
25;56;11;formation sélective
25;50;7;formation non sélective
26;35;2;formation sélective
26;28;0;formation sélective
26;15;0;formation sélective
26;24;0;formation sélective
26;16;0;formation sélective
26;168;56;formation sélective
26;26;3;formation sélective
26;40;0;formation sélective
26;35;2;formation sélective
27;24;2;formation sélective
27;15;0;formation sélective
27;15;0;formation sélective
27;15;0;formation sélective
27;18;0;formation sélective
27;18;1;formation sélective
27;35;0;formation sélective
27;35;0;formation sélective
27;15;0;formation sélective
27;36;0;formation sélective
27;84;20;formation sélective
28;14;0;formation sélective
28;16;0;formation sélective
28;20;0;formation sélective
28;16;1;formation sélective
28;50;7;formation sélective
28;24;0;formation sélective
28;35;3;formation sélective
29;35;0;formation sélective
29;35;6;formation sélective
29;35;9;formation sélective
29;32;3;formation sélective
29;35;3;formation sélective
29;20;20;formation sélective
29;35;1;formation sélective
29;30;0;formation sélective
29;35;0;formation sélective
29;35;2;formation sélective
29;35;1;formation sélective
29;35;5;formation sélective
29;35;1;formation sélective
29;76;32;formation sélective
29;35;1;formation sélective
29;33;5;formation sélective
29;30;18;formation sélective
29;90;20;formation sélective
29;170;75;formation sélective
29;28;0;formation sélective
29;50;0;formation sélective
29;58;25;formation sélective
30;15;0;formation sélective
30;30;4;formation sélective
30;30;1;formation sélective
30;30;1;formation sélective
30;34;1;formation sélective
30;15;0;formation sélective
30;34;1;formation sélective
30;30;0;formation sélective
30;500;98;formation non sélective
30;38;2;formation sélective
31;15;1;formation sélective
31;35;0;formation sélective
31;12;0;formation sélective
31;96;89;formation sélective
31;96;95;formation sélective
31;30;18;formation sélective
31;96;92;formation sélective
31;15;2;formation sélective
31;24;0;formation sélective
31;30;0;formation sélective
31;30;34;formation sélective
31;59;3;formation sélective
31;70;6;formation sélective
31;50;19;formation sélective
31;12;0;formation sélective
31;15;4;formation sélective
31;30;3;formation sélective
31;24;2;formation sélective
31;48;2;formation sélective
31;24;0;formation sélective
31;35;16;formation sélective
31;25;13;formation sélective
31;90;71;formation sélective
31;174;157;formation non sélective
31;25;24;formation sélective
31;25;18;formation sélective
31;20;4;formation sélective
31;25;25;formation sélective
31;120;16;formation non sélective
31;50;2;formation non sélective
31;520;137;formation non sélective
31;250;49;formation non sélective
31;20;3;formation sélective
31;52;16;formation sélective
31;30;1;formation sélective
31;28;0;formation sélective
31;35;0;formation sélective
31;30;9;formation sélective
31;30;0;formation sélective
32;24;0;formation sélective
32;15;0;formation sélective
33;96;96;formation sélective
33;96;93;formation sélective
33;96;88;formation sélective
33;48;45;formation sélective
33;30;0;formation sélective
33;18;1;formation sélective
33;35;1;formation sélective
33;30;2;formation sélective
33;30;0;formation sélective
33;20;15;formation sélective
33;30;14;formation sélective
33;30;15;formation sélective
33;52;3;formation sélective
33;28;1;formation sélective
33;34;3;formation sélective
33;40;2;formation sélective
33;27;4;formation sélective
33;20;4;formation sélective
33;35;0;formation sélective
33;60;35;formation sélective
33;280;35;formation non sélective
33;60;3;formation non sélective
33;100;1;formation non sélective
33;40;8;formation non sélective
33;85;18;formation non sélective
33;50;4;formation non sélective
33;320;79;formation non sélective
33;71;10;formation sélective
33;36;8;formation sélective
33;32;5;formation sélective
33;34;4;formation sélective
33;28;1;formation sélective
33;85;68;formation sélective
34;35;0;formation sélective
34;132;131;formation sélective
34;45;30;formation sélective
34;36;1;formation sélective
34;24;0;formation sélective
34;26;0;formation sélective
34;35;0;formation sélective
34;27;7;formation sélective
34;28;9;formation sélective
34;32;0;formation sélective
34;18;8;formation sélective
34;45;0;formation non sélective
34;47;1;formation non sélective
34;85;16;formation non sélective
34;115;42;formation non sélective
34;50;6;formation non sélective
34;40;5;formation non sélective
34;135;29;formation non sélective
34;90;12;formation non sélective
34;35;2;formation sélective
34;84;40;formation sélective
34;30;2;formation sélective
35;35;0;formation sélective
35;155;65;formation sélective
35;104;45;formation sélective
35;84;21;formation sélective
35;24;0;formation sélective
35;32;6;formation sélective
35;48;41;formation sélective
35;30;0;formation sélective
35;35;1;formation sélective
35;35;6;formation sélective
35;50;1;formation sélective
35;30;2;formation sélective
35;110;21;formation non sélective
35;40;1;formation non sélective
35;200;38;formation non sélective
35;280;92;formation non sélective
35;80;1;formation non sélective
35;70;2;formation sélective
35;78;36;formation sélective
35;72;26;formation sélective
36;30;3;formation sélective
37;96;90;formation sélective
37;48;48;formation sélective
37;36;4;formation sélective
37;24;1;formation sélective
37;42;12;formation sélective
37;15;0;formation sélective
37;16;1;formation sélective
37;23;16;formation sélective
37;150;36;formation non sélective
37;110;56;formation non sélective
37;150;23;formation non sélective
37;80;24;formation non sélective
38;34;2;formation sélective
38;24;0;formation sélective
38;32;2;formation sélective
38;144;139;formation sélective
38;30;3;formation sélective
38;27;2;formation sélective
38;36;14;formation sélective
38;24;24;formation sélective
38;120;50;formation sélective
38;100;34;formation sélective
38;15;1;formation sélective
38;140;61;formation sélective
38;16;1;formation sélective
38;32;9;formation sélective
38;36;34;formation sélective
38;124;49;formation non sélective
38;30;3;formation sélective
38;24;0;formation sélective
38;20;0;formation sélective
38;27;0;formation sélective
39;24;0;formation sélective
39;90;13;formation sélective
39;15;0;formation sélective
39;38;0;formation sélective
39;28;7;formation sélective
39;12;0;formation sélective
39;40;0;formation sélective
40;15;0;formation sélective
40;28;1;formation sélective
40;15;0;formation sélective
40;35;2;formation sélective
40;33;1;formation sélective
40;35;1;formation sélective
40;52;17;formation sélective
40;15;0;formation sélective
40;14;1;formation sélective
41;48;28;formation sélective
41;34;4;formation sélective
41;18;1;formation sélective
41;15;1;formation sélective
41;24;10;formation sélective
41;24;0;formation sélective
41;40;11;formation non sélective
41;56;17;formation sélective
42;15;0;formation sélective
42;24;0;formation sélective
42;15;1;formation sélective
42;48;44;formation sélective
42;34;1;formation sélective
42;20;2;formation sélective
42;30;2;formation sélective
42;45;14;formation sélective
42;15;0;formation sélective
42;30;0;formation sélective
42;14;1;formation sélective
42;30;1;formation sélective
42;34;5;formation sélective
42;24;0;formation sélective
42;30;4;formation sélective
42;140;37;formation non sélective
42;160;45;formation non sélective
42;570;200;formation non sélective
42;95;68;formation sélective
42;45;8;formation sélective
42;28;0;formation sélective
43;7;2;formation sélective
43;5;0;formation sélective
43;8;2;formation sélective
43;28;1;formation sélective
44;48;49;formation sélective
44;24;2;formation sélective
44;24;1;formation sélective
44;24;0;formation sélective
44;16;0;formation sélective
44;100;79;formation sélective
44;78;20;formation sélective
44;90;50;formation sélective
44;24;0;formation sélective
44;18;0;formation sélective
44;35;0;formation sélective
44;35;1;formation sélective
44;35;1;formation sélective
44;35;1;formation sélective
44;68;5;formation sélective
44;18;0;formation sélective
44;100;41;formation sélective
44;30;2;formation sélective
44;18;2;formation sélective
44;15;0;formation sélective
44;35;4;formation sélective
44;35;4;formation sélective
45;30;2;formation sélective
45;15;0;formation sélective
45;96;57;formation sélective
45;34;4;formation sélective
45;33;3;formation sélective
45;40;21;formation sélective
45;15;1;formation sélective
45;28;1;formation sélective
45;20;1;formation sélective
45;15;0;formation sélective
45;14;0;formation sélective
45;28;0;formation sélective
45;36;5;formation sélective
46;12;0;formation sélective
46;15;1;formation sélective
46;45;9;formation sélective
47;12;0;formation sélective
47;15;0;formation sélective
47;35;0;formation sélective
48;24;0;formation sélective
48;35;2;formation sélective
48;70;0;formation sélective
49;45;27;formation sélective
49;21;2;formation sélective
49;17;3;formation sélective
49;24;3;formation sélective
49;18;0;formation sélective
49;35;14;formation sélective
49;162;80;formation sélective
49;70;30;formation non sélective
49;55;11;formation non sélective
49;60;21;formation non sélective
49;24;4;formation sélective
49;24;17;formation sélective
49;24;1;formation sélective
49;18;0;formation sélective
49;35;11;formation sélective
49;24;5;formation sélective
49;24;1;formation sélective
49;17;0;formation sélective
49;32;3;formation sélective
49;50;16;formation non sélective
49;220;71;formation non sélective
49;33;9;formation non sélective
49;180;112;formation non sélective
49;368;173;formation non sélective
49;48;48;formation sélective
49;34;10;formation sélective
49;30;1;formation sélective
50;35;1;formation sélective
50;18;1;formation sélective
50;24;0;formation sélective
50;24;1;formation sélective
50;18;1;formation sélective
50;24;0;formation sélective
50;16;3;formation sélective
50;78;22;formation sélective
50;44;2;formation sélective
50;42;8;formation sélective
51;80;80;formation sélective
51;36;11;formation sélective
51;52;20;formation sélective
51;50;16;formation sélective
51;106;33;formation sélective
51;24;0;formation sélective
51;16;4;formation sélective
51;30;3;formation sélective
51;494;241;formation non sélective
51;17;12;formation sélective
51;60;10;formation non sélective
51;70;13;formation non sélective
51;30;0;formation sélective
51;15;0;formation sélective
51;38;4;formation sélective
51;28;1;formation sélective
52;8;0;formation sélective
52;20;2;formation sélective
53;24;1;formation sélective
53;35;2;formation sélective
53;24;0;formation sélective
53;15;0;formation sélective
53;10;1;formation sélective
53;24;1;formation sélective
53;35;7;formation sélective
53;35;0;formation sélective
54;35;1;formation sélective
54;24;1;formation sélective
54;35;2;formation sélective
54;30;1;formation sélective
54;24;0;formation sélective
54;15;0;formation sélective
54;15;0;formation sélective
54;84;22;formation sélective
54;104;37;formation sélective
54;15;0;formation sélective
54;168;65;formation sélective
54;52;18;formation sélective
54;25;9;formation sélective
54;332;100;formation non sélective
54;200;82;formation non sélective
54;570;359;formation non sélective
54;135;82;formation non sélective
54;60;15;formation non sélective
54;120;29;formation non sélective
54;150;35;formation non sélective
54;400;176;formation non sélective
54;52;5;formation sélective
54;15;0;formation sélective
54;35;1;formation sélective
55;24;0;formation sélective
56;35;0;formation sélective
56;35;0;formation sélective
56;24;0;formation sélective
56;48;40;formation sélective
56;35;0;formation sélective
56;35;1;formation sélective
56;40;0;formation sélective
56;16;1;formation sélective
56;28;0;formation sélective
56;112;43;formation sélective
56;112;52;formation sélective
56;16;0;formation sélective
56;48;26;formation sélective
56;35;0;formation sélective
56;15;0;formation sélective
56;50;14;formation non sélective
56;50;12;formation non sélective
56;83;27;formation non sélective
56;24;19;formation sélective
56;104;13;formation non sélective
56;150;64;formation non sélective
56;55;7;formation non sélective
56;120;27;formation non sélective
56;25;19;formation sélective
57;24;1;formation sélective
57;35;0;formation sélective
57;30;0;formation sélective
57;24;0;formation sélective
57;35;2;formation sélective
57;15;0;formation sélective
57;15;0;formation sélective
57;24;0;formation sélective
57;56;14;formation sélective
57;35;1;formation sélective
57;35;3;formation sélective
57;35;2;formation sélective
57;15;6;formation sélective
57;40;5;formation non sélective
57;160;52;formation non sélective
57;150;42;formation non sélective
57;24;1;formation sélective
57;15;2;formation sélective
57;60;0;formation sélective
57;24;5;formation sélective
57;62;10;formation sélective
57;24;3;formation sélective
57;48;1;formation sélective
58;19;0;formation sélective
59;33;1;formation sélective
59;35;2;formation sélective
59;24;3;formation sélective
59;38;0;formation sélective
59;48;26;formation sélective
59;48;23;formation sélective
59;15;0;formation sélective
59;22;1;formation sélective
59;33;0;formation sélective
59;48;26;formation sélective
59;30;4;formation sélective
59;30;6;formation sélective
59;60;13;formation sélective
59;30;0;formation sélective
59;32;0;formation sélective
59;32;0;formation sélective
59;96;85;formation sélective
59;24;21;formation sélective
59;35;6;formation sélective
59;48;0;formation sélective
59;30;0;formation sélective
59;24;0;formation sélective
59;70;20;formation sélective
59;35;2;formation sélective
59;23;7;formation sélective
59;35;6;formation sélective
59;35;5;formation sélective
59;35;0;formation sélective
59;48;6;formation sélective
59;35;0;formation sélective
59;34;1;formation sélective
59;28;0;formation sélective
59;40;4;formation sélective
59;32;0;formation sélective
59;32;0;formation sélective
59;30;3;formation sélective
59;30;0;formation sélective
59;30;0;formation sélective
59;34;0;formation sélective
59;78;16;formation sélective
59;54;0;formation sélective
59;18;0;formation sélective
59;43;1;formation sélective
59;36;6;formation sélective
59;35;6;formation sélective
59;70;28;formation non sélective
59;200;71;formation non sélective
59;570;140;formation non sélective
59;40;2;formation non sélective
59;150;57;formation non sélective
59;150;38;formation non sélective
59;110;111;formation sélective
59;30;2;formation sélective
59;42;9;formation sélective
59;183;46;formation sélective
59;35;2;formation sélective
59;15;0;formation sélective
59;35;0;formation sélective
59;59;0;formation sélective
59;35;0;formation sélective
59;180;15;formation non sélective
59;72;11;formation non sélective
59;72;16;formation non sélective
59;35;3;formation sélective
60;15;0;formation sélective
60;22;3;formation sélective
60;48;17;formation sélective
60;22;0;formation sélective
60;23;0;formation sélective
60;22;0;formation sélective
60;48;34;formation sélective
60;15;0;formation sélective
60;15;2;formation sélective
60;33;2;formation sélective
60;16;0;formation sélective
60;35;0;formation sélective
61;22;0;formation sélective
61;24;1;formation sélective
61;24;0;formation sélective
61;27;1;formation sélective
61;56;5;formation sélective
61;56;8;formation sélective
61;42;0;formation sélective
62;35;1;formation sélective
62;15;1;formation sélective
62;15;0;formation sélective
62;35;2;formation sélective
62;35;0;formation sélective
62;35;10;formation sélective
62;33;0;formation sélective
62;32;0;formation sélective
62;32;0;formation sélective
62;35;0;formation sélective
62;24;0;formation sélective
62;35;3;formation sélective
62;30;9;formation sélective
62;72;13;formation non sélective
62;30;0;formation sélective
62;40;2;formation sélective
62;25;1;formation sélective
62;52;3;formation sélective
62;32;3;formation sélective
62;36;4;formation sélective
62;15;0;formation sélective
62;96;0;formation sélective
62;66;30;formation sélective
62;36;0;formation sélective
62;108;11;formation non sélective
62;108;36;formation non sélective
62;36;10;formation non sélective
62;20;2;formation non sélective
62;76;10;formation non sélective
62;48;1;formation non sélective
62;35;0;formation sélective
62;40;2;formation sélective
63;95;94;formation sélective
63;96;69;formation sélective
63;35;0;formation sélective
63;32;2;formation sélective
63;35;11;formation sélective
63;35;2;formation sélective
63;15;2;formation sélective
63;24;0;formation sélective
63;12;0;formation sélective
63;30;0;formation sélective
63;180;38;formation non sélective
63;70;49;formation sélective
63;15;0;formation sélective
64;30;0;formation sélective
64;30;0;formation sélective
64;35;0;formation sélective
64;48;42;formation sélective
64;24;1;formation sélective
64;35;2;formation sélective
64;32;5;formation sélective
64;100;19;formation non sélective
64;29;1;formation sélective
64;34;5;formation sélective
64;24;6;formation sélective
64;100;44;formation non sélective
64;5;2;formation sélective
65;24;0;formation sélective
65;35;6;formation sélective
65;150;156;formation sélective
65;12;1;formation sélective
65;56;17;formation sélective
66;36;4;formation sélective
66;18;2;formation sélective
66;75;22;formation non sélective
66;106;25;formation sélective
67;24;2;formation sélective
67;35;1;formation sélective
67;32;3;formation sélective
67;48;45;formation sélective
67;142;133;formation sélective
67;27;4;formation sélective
67;30;7;formation sélective
67;35;2;formation sélective
67;30;1;formation sélective
67;12;0;formation sélective
67;36;6;formation sélective
67;36;1;formation sélective
67;36;1;formation sélective
67;36;13;formation sélective
67;36;13;formation sélective
67;24;0;formation sélective
67;26;0;formation sélective
67;9;6;formation sélective
67;30;13;formation sélective
67;40;1;formation sélective
67;46;4;formation sélective
67;25;1;formation sélective
67;120;48;formation non sélective
67;60;10;formation non sélective
67;50;1;formation non sélective
67;70;2;formation non sélective
67;75;0;formation non sélective
67;45;11;formation non sélective
67;700;272;formation non sélective
67;33;19;formation sélective
67;100;4;formation non sélective
67;285;50;formation non sélective
67;260;102;formation non sélective
68;13;0;formation sélective
68;19;1;formation sélective
68;24;0;formation sélective
68;12;1;formation sélective
68;30;0;formation sélective
68;30;1;formation sélective
68;24;0;formation sélective
68;12;0;formation sélective
68;54;24;formation sélective
68;75;25;formation sélective
68;134;35;formation sélective
68;35;10;formation non sélective
68;20;4;formation non sélective
68;80;28;formation non sélective
68;15;1;formation sélective
68;12;0;formation sélective
69;35;9;formation sélective
69;142;138;formation sélective
69;42;37;formation sélective
69;15;0;formation sélective
69;30;0;formation sélective
69;24;5;formation sélective
69;30;3;formation sélective
69;35;2;formation sélective
69;48;1;formation sélective
69;35;1;formation sélective
69;24;0;formation sélective
69;24;0;formation sélective
69;50;9;formation sélective
69;125;56;formation sélective
69;34;0;formation sélective
69;26;1;formation sélective
69;45;9;formation sélective
69;55;61;formation sélective
69;47;12;formation sélective
69;48;37;formation sélective
69;60;1;formation sélective
69;28;1;formation sélective
69;60;5;formation sélective
69;32;0;formation sélective
69;32;0;formation sélective
69;15;0;formation sélective
69;24;3;formation sélective
69;38;7;formation sélective
69;28;2;formation sélective
69;58;6;formation sélective
69;315;128;formation non sélective
69;130;51;formation sélective
69;40;7;formation non sélective
69;60;5;formation non sélective
69;85;28;formation non sélective
69;35;9;formation non sélective
69;15;1;formation non sélective
69;10;9;formation sélective
69;15;9;formation sélective
69;5;0;formation sélective
69;5;1;formation sélective
69;1270;735;formation non sélective
69;385;262;formation non sélective
69;230;94;formation non sélective
69;115;43;formation non sélective
69;10;0;formation sélective
69;144;130;formation sélective
69;15;0;formation sélective
69;31;4;formation sélective
69;72;0;formation sélective
69;57;10;formation sélective
69;90;40;formation sélective
69;56;26;formation sélective
70;18;0;formation sélective
70;20;0;formation sélective
70;24;2;formation sélective
71;24;0;formation sélective
71;24;0;formation sélective
71;30;19;formation sélective
71;36;2;formation sélective
71;32;0;formation sélective
71;16;13;formation sélective
71;19;0;formation sélective
71;72;12;formation sélective
71;140;22;formation sélective
71;48;1;formation sélective
71;48;12;formation sélective
71;24;0;formation sélective
72;35;0;formation sélective
72;24;2;formation sélective
72;35;0;formation sélective
72;7;0;formation sélective
72;24;0;formation sélective
72;24;0;formation sélective
72;18;3;formation sélective
72;26;1;formation sélective
72;120;47;formation non sélective
72;170;42;formation non sélective
72;90;8;formation non sélective
72;35;0;formation sélective
72;28;0;formation sélective
72;40;11;formation sélective
73;24;0;formation sélective
73;24;1;formation sélective
73;15;0;formation sélective
73;16;0;formation sélective
73;15;0;formation sélective
73;28;0;formation sélective
73;55;20;formation non sélective
73;17;9;formation non sélective
73;32;0;formation sélective
73;28;14;formation sélective
74;24;1;formation sélective
74;30;2;formation sélective
74;15;0;formation sélective
74;24;1;formation sélective
74;30;0;formation sélective
74;33;6;formation sélective
74;31;4;formation sélective
74;30;0;formation sélective
75;24;2;formation sélective
75;47;41;formation sélective
75;24;3;formation sélective
75;48;47;formation sélective
75;40;41;formation sélective
75;144;132;formation sélective
75;93;91;formation sélective
75;96;102;formation sélective
75;96;90;formation sélective
75;96;94;formation sélective
75;96;61;formation sélective
75;35;1;formation sélective
75;35;1;formation sélective
75;24;0;formation sélective
75;24;1;formation sélective
75;46;29;formation sélective
75;24;7;formation sélective
75;96;56;formation sélective
75;24;0;formation sélective
75;60;9;formation sélective
75;35;1;formation sélective
75;48;25;formation sélective
75;48;42;formation sélective
75;48;29;formation sélective
75;48;0;formation sélective
75;70;21;formation sélective
75;70;4;formation sélective
75;70;1;formation sélective
75;70;12;formation sélective
75;32;4;formation sélective
75;105;25;formation sélective
75;24;0;formation sélective
75;24;0;formation sélective
75;48;46;formation sélective
75;35;3;formation sélective
75;35;0;formation sélective
75;122;90;formation non sélective
75;379;244;formation non sélective
75;745;620;formation non sélective
75;25;24;formation sélective
75;30;23;formation non sélective
75;28;5;formation non sélective
75;30;12;formation non sélective
75;70;22;formation non sélective
75;30;11;formation non sélective
75;71;28;formation non sélective
75;40;21;formation non sélective
75;8;0;formation non sélective
75;80;8;formation non sélective
75;300;139;formation non sélective
75;230;67;formation sélective
75;55;4;formation non sélective
75;40;4;formation sélective
75;35;10;formation sélective
75;15;9;formation sélective
75;50;30;formation sélective
75;40;25;formation sélective
75;15;5;formation sélective
75;155;23;formation non sélective
75;330;201;formation non sélective
75;189;99;formation non sélective
75;126;74;formation sélective
75;42;19;formation sélective
75;82;39;formation non sélective
75;100;76;formation sélective
75;28;5;formation sélective
75;35;4;formation sélective
75;20;1;formation non sélective
75;65;9;formation non sélective
75;30;0;formation non sélective
75;45;2;formation non sélective
75;50;6;formation non sélective
75;15;0;formation non sélective
75;150;2;formation non sélective
75;10;0;formation non sélective
75;10;1;formation non sélective
75;10;1;formation non sélective
75;150;75;formation sélective
75;15;0;formation non sélective
75;100;22;formation non sélective
75;35;8;formation sélective
75;28;0;formation sélective
75;80;13;formation sélective
75;35;0;formation sélective
75;35;8;formation sélective
75;33;2;formation sélective
75;92;45;formation sélective
75;168;67;formation sélective
75;70;0;formation sélective
75;24;6;formation sélective
75;35;0;formation sélective
75;250;148;formation sélective
75;45;4;formation sélective
76;35;0;formation sélective
76;48;30;formation sélective
76;30;1;formation sélective
76;6;3;formation sélective
76;96;91;formation sélective
76;35;6;formation sélective
76;30;1;formation sélective
76;45;18;formation sélective
76;45;0;formation sélective
76;35;10;formation sélective
76;56;10;formation sélective
76;24;24;formation sélective
76;30;0;formation sélective
76;15;0;formation sélective
76;53;3;formation sélective
76;100;43;formation sélective
76;135;23;formation sélective
76;20;12;formation sélective
76;18;0;formation sélective
76;35;0;formation sélective
76;18;1;formation sélective
76;400;99;formation non sélective
76;130;18;formation non sélective
76;120;19;formation non sélective
76;700;345;formation non sélective
76;300;43;formation non sélective
27;72;18;formation non sélective
76;24;0;formation sélective
76;100;21;formation non sélective
76;30;3;formation sélective
76;30;0;formation sélective
76;24;0;formation sélective
76;14;1;formation sélective
76;30;1;formation sélective
76;15;3;formation sélective
77;35;2;formation sélective
77;24;0;formation sélective
77;35;3;formation sélective
77;28;0;formation sélective
77;24;0;formation sélective
77;35;1;formation sélective
77;17;0;formation sélective
77;35;0;formation sélective
77;24;0;formation sélective
77;24;0;formation sélective
77;24;0;formation sélective
77;52;4;formation sélective
77;28;0;formation sélective
77;24;0;formation sélective
77;33;1;formation sélective
77;84;23;formation sélective
77;80;25;formation sélective
77;45;16;formation sélective
77;535;398;formation non sélective
77;45;4;formation non sélective
77;90;35;formation non sélective
77;175;21;formation non sélective
77;95;30;formation non sélective
78;22;0;formation sélective
78;106;38;formation non sélective
78;75;23;formation non sélective
78;38;10;formation sélective
78;15;0;formation sélective
78;82;11;formation non sélective
78;48;45;formation sélective
78;33;5;formation sélective
78;30;3;formation sélective
78;35;2;formation sélective
78;26;0;formation sélective
78;96;85;formation sélective
78;26;0;formation sélective
78;35;1;formation sélective
78;15;0;formation sélective
78;129;129;formation sélective
78;35;7;formation sélective
79;24;0;formation sélective
79;20;0;formation sélective
79;20;0;formation sélective
79;32;0;formation sélective
79;12;1;formation sélective
80;32;0;formation sélective
80;12;1;formation sélective
80;35;1;formation sélective
80;96;26;formation sélective
80;33;4;formation sélective
80;31;1;formation sélective
80;35;0;formation sélective
80;130;39;formation sélective
80;45;13;formation sélective
80;85;22;formation sélective
80;34;4;formation sélective
80;180;48;formation non sélective
80;678;184;formation non sélective
80;160;26;formation non sélective
80;500;175;formation non sélective
80;75;13;formation non sélective
80;35;1;formation sélective
80;35;3;formation sélective
80;15;0;formation sélective
80;26;0;formation sélective
80;24;0;formation sélective
80;35;0;formation sélective
81;24;1;formation sélective
81;24;0;formation sélective
81;12;0;formation sélective
81;24;0;formation sélective
81;35;0;formation sélective
81;20;1;formation sélective
81;68;15;formation sélective
81;57;17;formation non sélective
82;16;1;formation sélective
83;15;0;formation sélective
83;33;2;formation sélective
83;100;27;formation sélective
83;55;25;formation sélective
83;163;49;formation sélective
83;339;107;formation non sélective
83;35;1;formation sélective
83;24;0;formation sélective
83;24;0;formation sélective
83;50;0;formation sélective
83;28;1;formation sélective
83;36;26;formation sélective
84;42;12;formation sélective
84;24;0;formation sélective
84;12;0;formation sélective
84;120;9;formation non sélective
84;80;28;formation sélective
85;35;4;formation sélective
85;24;0;formation sélective
85;30;3;formation sélective
85;12;0;formation sélective
85;32;8;formation sélective
85;34;0;formation sélective
85;12;1;formation sélective
85;12;0;formation sélective
85;36;0;formation sélective
85;82;26;formation sélective
85;28;13;formation sélective
86;32;7;formation sélective
86;15;0;formation sélective
86;35;2;formation sélective
86;50;12;formation sélective
86;54;10;formation sélective
86;19;0;formation sélective
86;24;0;formation sélective
86;10;2;formation sélective
86;20;0;formation sélective
86;10;0;formation sélective
86;24;0;formation sélective
87;35;1;formation sélective
87;14;1;formation sélective
87;72;24;formation sélective
87;76;36;formation sélective
87;60;6;formation sélective
87;282;20;formation non sélective
87;165;65;formation non sélective
87;160;9;formation non sélective
87;60;16;formation non sélective
87;120;18;formation non sélective
88;24;0;formation sélective
88;35;2;formation sélective
88;15;0;formation sélective
88;52;5;formation sélective
89;27;0;formation sélective
89;28;1;formation sélective
89;18;1;formation sélective
89;24;0;formation sélective
89;7;0;formation sélective
89;24;0;formation sélective
89;18;0;formation sélective
89;112;26;formation sélective
90;90;11;formation non sélective
91;28;1;formation sélective
91;24;0;formation sélective
91;35;0;formation sélective
91;35;0;formation sélective
91;35;0;formation sélective
91;36;13;formation sélective
91;40;1;formation sélective
91;36;1;formation sélective
91;35;1;formation sélective
91;30;0;formation sélective
91;30;0;formation sélective
91;35;0;formation sélective
91;32;0;formation sélective
91;32;1;formation sélective
91;30;1;formation sélective
91;105;69;formation non sélective
91;15;0;formation sélective
91;34;1;formation sélective
91;50;7;formation sélective
91;140;37;formation non sélective
91;72;8;formation sélective
91;65;8;formation sélective
91;30;0;formation sélective
92;35;0;formation sélective
92;48;13;formation sélective
92;35;0;formation sélective
92;35;8;formation sélective
92;35;21;formation sélective
92;35;13;formation sélective
92;85;21;formation non sélective
92;66;19;formation non sélective
92;29;2;formation non sélective
92;34;1;formation non sélective
92;34;2;formation non sélective
92;363;199;formation non sélective
92;42;41;formation sélective
92;32;1;formation sélective
92;20;17;formation sélective
92;15;0;formation sélective
92;24;1;formation sélective
92;40;0;formation sélective
93;30;0;formation sélective
93;24;0;formation sélective
93;30;0;formation sélective
93;30;0;formation sélective
93;35;4;formation sélective
93;35;3;formation sélective
93;24;0;formation sélective
93;24;0;formation sélective
93;15;15;formation sélective
93;250;57;formation non sélective
93;23;0;formation sélective
93;33;1;formation sélective
93;24;0;formation sélective
93;64;12;formation sélective
93;32;5;formation sélective
93;105;4;formation non sélective
93;30;0;formation sélective
93;12;5;formation sélective
93;12;4;formation sélective
93;24;0;formation sélective
93;75;5;formation sélective
93;28;5;formation sélective
93;40;5;formation sélective
94;42;0;formation sélective
94;24;0;formation sélective
94;35;0;formation sélective
94;35;0;formation sélective
94;35;0;formation sélective
94;35;13;formation sélective
94;48;41;formation sélective
94;24;0;formation sélective
94;24;1;formation sélective
94;35;0;formation sélective
94;24;0;formation sélective
94;24;0;formation sélective
94;29;2;formation sélective
94;33;2;formation sélective
94;34;0;formation sélective
94;26;1;formation sélective
94;110;32;formation sélective
94;35;0;formation sélective
94;34;5;formation sélective
94;34;3;formation sélective
94;24;0;formation sélective
94;430;181;formation non sélective
94;90;51;formation sélective
94;680;218;formation non sélective
94;32;17;formation sélective
94;38;20;formation sélective
94;30;4;formation sélective
94;24;0;formation sélective
94;37;0;formation sélective
94;24;13;formation sélective
94;45;28;formation sélective
94;33;0;formation sélective
94;30;1;formation sélective
94;24;1;formation sélective
94;24;0;formation sélective
95;33;0;formation sélective
95;29;0;formation sélective
95;14;0;formation sélective
95;15;0;formation sélective
95;29;0;formation sélective
95;45;27;formation sélective
95;35;3;formation sélective
95;35;0;formation sélective
95;35;0;formation sélective
95;35;0;formation sélective
95;35;0;formation sélective
95;24;0;formation sélective
95;36;4;formation sélective
95;36;8;formation sélective
95;28;0;formation sélective
95;35;5;formation sélective
95;42;0;formation sélective
95;30;0;formation sélective
95;665;327;formation non sélective
95;40;25;formation sélective
95;35;7;formation sélective
95;170;63;formation sélective
95;120;15;formation non sélective
95;30;0;formation sélective
95;35;0;formation sélective
95;120;46;formation sélective
20;15;1;formation sélective
20;30;4;formation sélective
20;10;2;formation sélective
20;34;3;formation sélective
20;15;0;formation sélective
20;50;12;formation sélective
20;46;8;formation sélective
20;24;0;formation sélective
20;25;2;formation sélective
20;24;12;formation sélective
20;80;23;formation non sélective
20;80;20;formation non sélective
971;40;17;formation sélective
971;48;5;formation sélective
971;33;3;formation sélective
971;34;6;formation sélective
971;28;0;formation sélective
971;15;0;formation sélective
971;28;2;formation sélective
971;36;0;formation sélective
971;26;2;formation sélective
972;24;2;formation sélective
972;24;1;formation sélective
972;30;0;formation sélective
972;24;1;formation sélective
972;25;0;formation sélective
972;31;1;formation sélective
972;30;0;formation sélective
972;24;1;formation sélective
972;200;6;formation non sélective
973;36;2;formation sélective
973;36;4;formation sélective
973;27;2;formation sélective
974;30;4;formation sélective
974;35;1;formation sélective
974;220;50;formation non sélective
974;28;2;formation sélective
974;36;0;formation sélective
974;35;0;formation sélective
974;35;0;formation sélective
974;35;12;formation sélective
974;32;1;formation sélective
974;580;144;formation non sélective
974;10;0;formation sélective
974;34;1;formation sélective
974;24;2;formation sélective
974;12;0;formation sélective
974;24;0;formation sélective
987;24;0;formation sélective
987;140;51;formation non sélective
35;45;33;formation sélective
49;47;32;formation sélective
75;30;7;formation sélective
38;35;3;formation sélective
973;40;11;formation sélective
972;62;24;formation sélective
78;50;11;formation sélective
33;35;1;formation sélective
75;36;2;formation sélective
92;58;22;formation non sélective
69;72;18;formation sélective
31;28;25;formation sélective
76;150;26;formation non sélective
31;15;3;formation sélective
75;24;1;formation sélective
87;24;3;formation sélective
63;20;1;formation sélective
47;32;6;formation sélective
75;30;10;formation non sélective
75;20;12;formation sélective
13;1278;897;formation non sélective
40;11;0;formation sélective
59;446;117;formation non sélective
974;34;0;formation sélective
49;44;5;formation sélective
49;13;2;formation sélective
44;15;1;formation sélective
13;500;240;formation non sélective
59;60;7;formation sélective
42;40;10;formation non sélective
94;20;12;formation sélective
13;50;23;formation sélective
91;170;72;formation non sélective
59;45;5;formation non sélective
52;15;2;formation sélective
26;15;0;formation sélective
45;45;1;formation sélective
49;15;0;formation sélective
62;24;1;formation sélective
31;35;5;formation sélective
78;30;30;formation sélective
974;42;38;formation sélective
31;10;0;formation sélective
75;30;1;formation non sélective
69;24;1;formation sélective
77;12;0;formation sélective
3;6;0;formation sélective
71;12;1;formation sélective
95;10;0;formation sélective
92;12;0;formation sélective
91;6;0;formation sélective
92;12;0;formation sélective
71;18;1;formation sélective
92;150;68;formation sélective
94;12;0;formation sélective
76;15;2;formation sélective
33;27;2;formation sélective
84;12;0;formation sélective
83;24;0;formation sélective
93;44;3;formation sélective
37;20;1;formation sélective
45;14;5;formation sélective
987;40;6;formation non sélective
31;35;1;formation sélective
32;24;2;formation sélective
81;15;0;formation sélective
31;15;0;formation sélective
34;23;0;formation sélective
92;340;378;formation sélective
34;22;0;formation sélective
34;80;76;formation sélective
1;20;0;formation sélective
976;24;3;formation sélective
33;38;22;formation sélective
56;30;0;formation sélective
35;280;41;formation sélective
35;80;4;formation sélective
35;150;14;formation sélective
35;100;9;formation sélective
31;60;54;formation sélective
57;260;58;formation non sélective
976;20;7;formation non sélective
69;36;12;formation non sélective
54;85;30;formation non sélective
59;50;2;formation non sélective
35;325;106;formation non sélective
49;70;21;formation non sélective
31;125;64;formation non sélective
88;100;26;formation non sélective
25;18;6;formation sélective
94;60;67;formation sélective
34;30;0;formation sélective
67;20;0;formation non sélective
35;14;0;formation sélective
62;15;0;formation sélective
31;24;5;formation sélective
95;30;19;formation sélective
974;25;0;formation sélective
30;30;1;formation sélective
66;24;1;formation sélective
972;13;1;formation sélective
17;24;1;formation sélective
59;36;1;formation sélective
75;39;4;formation sélective
973;22;0;formation sélective
45;15;1;formation sélective
45;10;0;formation sélective
13;26;0;formation sélective
13;33;5;formation sélective
48;36;0;formation sélective
83;24;1;formation sélective
6;28;4;formation sélective
77;190;106;formation non sélective
12;56;8;formation sélective
25;18;12;formation sélective
84;20;7;formation sélective
59;155;24;formation sélective
54;15;11;formation sélective
93;14;0;formation sélective
59;10;10;formation sélective
90;12;4;formation sélective
51;362;49;formation non sélective
10;80;14;formation non sélective
83;15;5;formation sélective
92;58;6;formation non sélective
92;112;40;formation non sélective
92;90;27;formation non sélective
72;77;14;formation non sélective
64;90;15;formation non sélective
66;62;9;formation non sélective
31;8;5;formation sélective
972;75;8;formation non sélective
59;310;83;formation non sélective
93;130;17;formation non sélective
93;200;63;formation sélective
63;13;8;formation sélective
57;23;8;formation sélective
6;30;7;formation sélective
6;30;5;formation sélective
75;29;15;formation non sélective
75;36;22;formation non sélective
59;75;24;formation sélective
63;24;0;formation sélective
974;18;0;formation sélective
93;30;0;formation sélective
75;35;6;formation sélective
59;120;24;formation non sélective
59;80;1;formation non sélective
59;55;3;formation non sélective
76;105;26;formation non sélective
76;105;5;formation non sélective
75;15;2;formation sélective
86;19;1;formation sélective
14;20;0;formation sélective
973;16;2;formation sélective
62;24;9;formation sélective
50;15;0;formation sélective
75;35;15;formation sélective
972;75;4;formation non sélective
972;350;24;formation non sélective
972;200;24;formation non sélective
67;20;16;formation sélective
51;24;8;formation sélective
987;24;0;formation sélective
31;12;0;formation sélective
28;26;0;formation sélective
65;48;20;formation sélective
35;15;0;formation sélective
86;14;0;formation sélective
88;24;3;formation sélective
38;178;65;formation non sélective
20;18;11;formation sélective
13;15;0;formation sélective
59;32;0;formation sélective
67;16;0;formation sélective
29;35;1;formation sélective
51;36;4;formation sélective
67;35;0;formation sélective
30;36;0;formation sélective
59;30;0;formation sélective
59;40;33;formation sélective
95;32;3;formation sélective
13;15;8;formation sélective
69;5;3;formation sélective
75;10;0;formation non sélective
80;105;30;formation sélective
19;10;0;formation sélective
26;24;0;formation sélective
26;34;0;formation sélective
62;30;20;formation sélective
75;35;28;formation sélective
31;9;0;formation sélective
57;2;0;formation sélective
34;115;42;formation non sélective
64;15;0;formation sélective
987;40;6;formation non sélective
75;60;47;formation sélective
75;60;58;formation sélective
59;180;167;formation sélective
31;30;26;formation sélective
75;25;3;formation non sélective
63;22;0;formation sélective
69;10;0;formation sélective
972;27;0;formation sélective
75;120;21;formation non sélective
2;24;0;formation sélective
21;8;1;formation sélective
75;32;22;formation sélective
75;320;40;formation non sélective
75;33;1;formation non sélective
44;30;6;formation non sélective
13;8;0;formation sélective
34;30;0;formation sélective
75;23;0;formation sélective
76;15;0;formation sélective
31;24;3;formation sélective
46;10;0;formation sélective
33;48;43;formation sélective
77;35;0;formation sélective
61;18;1;formation sélective
22;15;0;formation sélective
35;30;2;formation sélective
75;24;2;formation sélective
86;12;1;formation sélective
80;16;1;formation sélective
81;50;8;formation non sélective
31;300;34;formation non sélective
38;30;6;formation non sélective
974;12;0;formation sélective
76;15;0;formation sélective
76;15;0;formation sélective
42;24;1;formation sélective
38;10;8;formation sélective
31;98;44;formation non sélective
31;40;29;formation non sélective
38;10;6;formation sélective
33;75;38;formation non sélective
19;25;1;formation sélective
33;40;11;formation sélective
64;13;0;formation sélective
976;20;1;formation sélective
69;42;40;formation sélective
62;15;0;formation sélective
9;60;18;formation non sélective
75;32;13;formation sélective
44;90;25;formation non sélective
66;6;5;formation sélective
14;12;0;formation sélective
70;10;0;formation sélective
29;15;0;formation sélective
68;20;0;formation sélective
62;15;1;formation sélective
31;15;1;formation sélective
15;28;0;formation sélective
75;13;9;formation sélective
77;26;0;formation sélective
75;35;2;formation sélective
38;24;0;formation sélective
26;15;0;formation sélective
82;24;3;formation sélective
29;12;0;formation sélective
974;15;1;formation sélective
75;18;0;formation sélective
6;32;13;formation sélective
44;75;22;formation non sélective
44;9;8;formation sélective
59;80;7;formation non sélective
35;25;3;formation sélective
34;30;19;formation sélective
72;25;5;formation sélective
24;16;0;formation sélective
33;16;0;formation sélective
33;30;0;formation sélective
47;15;0;formation sélective
35;390;184;formation non sélective
75;97;8;formation sélective
76;40;13;formation sélective
51;17;7;formation sélective
59;50;19;formation sélective
78;36;13;formation sélective
75;15;3;formation sélective
971;100;16;formation non sélective
31;24;34;formation sélective
29;4;2;formation sélective
29;4;2;formation sélective
38;24;3;formation sélective
72;16;4;formation sélective
55;15;0;formation sélective
974;24;6;formation sélective
75;20;13;formation sélective
64;12;0;formation sélective
85;18;1;formation sélective
85;18;3;formation sélective
92;28;6;formation sélective
59;24;0;formation sélective
10;15;4;formation sélective
29;14;1;formation sélective
91;30;22;formation sélective
75;28;0;formation sélective
51;24;13;formation sélective
16;24;1;formation sélective
34;30;0;formation sélective
66;35;0;formation sélective
971;350;32;formation non sélective
47;15;0;formation sélective
68;30;2;formation sélective
57;24;0;formation sélective
987;30;3;formation sélective
49;20;6;formation sélective
59;15;0;formation sélective
34;24;5;formation sélective
10;15;0;formation sélective
77;35;5;formation sélective
29;24;0;formation sélective
31;12;0;formation sélective
80;18;0;formation sélective
976;30;0;formation sélective
74;15;0;formation sélective
82;24;2;formation sélective
30;30;8;formation sélective
7;12;0;formation sélective
35;35;9;formation sélective
60;15;0;formation sélective
69;15;0;formation sélective
44;80;8;formation non sélective
31;18;3;formation sélective
52;8;0;formation sélective
974;24;0;formation sélective
33;17;2;formation sélective
14;50;3;formation non sélective
6;35;22;formation sélective
6;482;165;formation non sélective
974;270;12;formation non sélective
86;110;40;formation non sélective
84;120;9;formation non sélective
83;20;3;formation sélective
68;180;76;formation non sélective
37;50;12;formation non sélective
91;24;3;formation sélective
974;6;0;formation sélective
93;24;0;formation sélective
16;8;0;formation sélective
86;240;65;formation non sélective
84;16;4;formation sélective
31;60;0;formation non sélective
51;35;8;formation non sélective
85;60;14;formation non sélective
68;20;1;formation non sélective
87;50;1;formation non sélective
86;800;5;formation sélective
34;22;2;formation sélective
78;15;0;formation sélective
92;75;4;formation non sélective
92;100;18;formation non sélective
92;65;5;formation non sélective
92;35;0;formation non sélective
93;35;5;formation sélective
20;20;6;formation non sélective
59;450;84;formation non sélective
69;4;1;formation sélective
59;150;134;formation sélective
45;15;0;formation sélective
86;9;0;formation sélective
3;80;15;formation non sélective
54;24;19;formation sélective
63;9;0;formation sélective
29;16;6;formation sélective
59;40;1;formation sélective
26;22;3;formation sélective
26;10;0;formation sélective
34;300;19;formation non sélective
33;5;1;formation sélective
51;4;0;formation sélective
34;25;8;formation sélective
67;14;7;formation sélective
30;15;3;formation sélective
39;24;6;formation sélective
69;15;5;formation sélective
29;20;7;formation sélective
92;15;3;formation sélective
69;17;7;formation sélective
21;15;3;formation sélective
15;18;2;formation sélective
38;10;3;formation sélective
31;15;5;formation sélective
75;15;4;formation sélective
75;14;3;formation sélective
75;9;5;formation sélective
75;12;5;formation sélective
95;20;0;formation sélective
3;5;0;formation sélective
3;5;0;formation sélective
79;24;0;formation sélective
45;15;3;formation sélective
77;12;0;formation sélective
94;8;2;formation sélective
94;15;4;formation sélective
94;23;6;formation sélective
94;12;2;formation sélective
93;16;5;formation sélective
92;15;4;formation sélective
77;10;4;formation sélective
75;12;4;formation sélective
75;15;5;formation sélective
75;15;6;formation sélective
75;6;1;formation sélective
75;7;2;formation sélective
75;15;6;formation sélective
31;15;4;formation sélective
31;12;1;formation sélective
972;23;0;formation sélective
93;45;19;formation sélective
93;12;0;formation sélective
87;20;1;formation sélective
973;30;1;formation non sélective
10;210;13;formation non sélective
974;12;0;formation sélective
56;18;6;formation sélective
972;30;0;formation sélective
66;15;1;formation sélective
95;12;1;formation sélective
3;30;0;formation sélective
1;15;0;formation sélective
93;15;0;formation sélective
971;16;0;formation sélective
75;50;44;formation sélective
6;45;0;formation non sélective
6;55;14;formation non sélective
6;60;21;formation non sélective
6;45;7;formation non sélective
974;15;0;formation sélective
49;18;7;formation sélective
29;22;11;formation sélective
69;5;0;formation sélective
69;6;0;formation sélective
94;15;0;formation sélective
59;10;0;formation sélective
53;12;0;formation sélective
59;12;0;formation sélective
69;3;0;formation sélective
75;20;6;formation sélective
75;1500;141;formation non sélective
13;14;0;formation sélective
68;80;9;formation non sélective
4;39;6;formation sélective
13;35;4;formation sélective
13;76;12;formation sélective
53;69;8;formation sélective
72;48;9;formation sélective
72;20;2;formation sélective
93;76;0;formation sélective
75;75;10;formation sélective
91;107;4;formation sélective
92;94;9;formation sélective
976;61;15;formation sélective
6;33;1;formation sélective
2;61;0;formation sélective
60;116;8;formation sélective
80;160;26;formation sélective
21;42;3;formation sélective
71;40;2;formation sélective
43;82;19;formation sélective
63;125;26;formation sélective
74;83;4;formation sélective
59;89;15;formation sélective
59;94;22;formation sélective
62;73;9;formation sélective
59;95;14;formation sélective
62;129;19;formation sélective
62;119;18;formation sélective
19;46;3;formation sélective
19;49;3;formation sélective
87;136;12;formation sélective
1;52;3;formation sélective
1;60;4;formation sélective
30;48;6;formation sélective
34;140;30;formation sélective
55;102;3;formation sélective
55;44;7;formation sélective
57;92;13;formation sélective
57;86;18;formation sélective
44;47;7;formation sélective
75;204;6;formation sélective
9;57;13;formation sélective
12;62;5;formation sélective
31;157;33;formation sélective
28;81;6;formation sélective
36;32;5;formation sélective
37;177;30;formation sélective
94;215;20;formation sélective
75;253;11;formation sélective
75;134;6;formation sélective
94;55;4;formation sélective
92;100;2;formation sélective
13;345;102;formation non sélective
33;30;26;formation sélective
76;40;8;formation sélective
974;15;3;formation sélective
84;20;12;formation sélective
22;50;5;formation sélective
35;77;23;formation sélective
25;158;14;formation sélective
55;15;0;formation sélective
45;120;12;formation non sélective
64;35;0;formation sélective
74;25;2;formation sélective
971;16;2;formation sélective
45;40;3;formation non sélective
45;90;17;formation non sélective
63;130;83;formation sélective
75;120;115;formation non sélective
91;70;25;formation sélective
33;8;0;formation sélective
73;15;0;formation sélective
75;60;51;formation sélective
84;17;2;formation sélective
76;15;0;formation sélective
76;190;26;formation non sélective
93;38;0;formation sélective
37;30;25;formation non sélective
38;10;0;formation non sélective
69;85;13;formation sélective
75;35;3;formation sélective
29;45;4;formation sélective
91;10;0;formation sélective
75;20;11;formation non sélective
94;58;13;formation non sélective
75;35;32;formation sélective
59;123;19;formation sélective
33;282;65;formation sélective
33;119;19;formation sélective
33;118;13;formation sélective
47;95;12;formation sélective
47;52;5;formation sélective
64;35;7;formation sélective
75;25;21;formation non sélective
75;14;7;formation sélective
81;4;4;formation non sélective
75;7;4;formation sélective
13;25;15;formation non sélective
13;20;11;formation non sélective
75;57;38;formation non sélective
13;40;7;formation non sélective
13;35;2;formation non sélective
75;6;3;formation non sélective
74;15;0;formation sélective
75;8;4;formation non sélective
33;66;1;formation sélective
75;40;9;formation non sélective
37;40;18;formation non sélective
75;15;3;formation non sélective
75;22;7;formation non sélective
75;5;0;formation non sélective
13;15;3;formation sélective
13;15;5;formation sélective
13;15;4;formation sélective
13;15;4;formation sélective
13;16;9;formation sélective
88;10;0;formation sélective
33;10;4;formation sélective
45;120;51;formation non sélective
13;10;0;formation sélective
59;20;0;formation non sélective
49;15;7;formation sélective
75;100;16;formation sélective
13;5;0;formation sélective
48;34;9;formation non sélective
56;12;0;formation sélective
64;15;4;formation sélective
26;30;0;formation sélective
76;18;7;formation sélective
44;30;4;formation sélective
75;30;6;formation non sélective
6;15;2;formation sélective
6;15;2;formation sélective
83;15;8;formation sélective
83;15;3;formation sélective
83;15;3;formation sélective
26;14;4;formation sélective
94;42;0;formation non sélective
94;200;32;formation non sélective
59;200;116;formation sélective
31;120;17;formation non sélective
16;12;0;formation sélective
52;15;1;formation sélective
92;15;9;formation sélective
92;35;31;formation sélective
92;10;3;formation sélective
92;10;3;formation sélective
59;25;23;formation sélective
44;45;19;formation sélective
85;64;37;formation sélective
31;96;96;formation sélective
31;45;37;formation sélective
31;40;29;formation sélective
14;24;4;formation sélective
69;30;13;formation sélective
59;17;2;formation sélective
59;17;3;formation sélective
59;16;2;formation sélective
93;12;0;formation sélective
93;12;0;formation sélective
93;6;0;formation sélective
93;25;2;formation non sélective
59;15;19;formation sélective
35;10;0;formation sélective
69;25;0;formation sélective
1;12;0;formation sélective
69;10;0;formation sélective
69;12;0;formation sélective
6;30;2;formation sélective
6;35;3;formation sélective
13;35;2;formation sélective
13;5;0;formation sélective
14;6;0;formation sélective
21;30;4;formation sélective
38;20;0;formation sélective
38;35;4;formation sélective
47;30;2;formation sélective
51;40;4;formation sélective
57;9;0;formation sélective
87;39;2;formation sélective
59;27;1;formation sélective
62;19;1;formation sélective
62;32;5;formation sélective
83;32;2;formation sélective
64;45;3;formation sélective
64;66;6;formation sélective
77;25;2;formation sélective
76;37;1;formation sélective
76;38;3;formation sélective
76;49;2;formation sélective
67;37;4;formation sélective
75;97;7;formation sélective
75;34;2;formation sélective
59;18;3;formation sélective
35;15;0;formation sélective
62;27;3;formation sélective
59;18;3;formation sélective
75;11;0;formation sélective
17;12;0;formation sélective
45;36;14;formation sélective
94;35;17;formation sélective
22;12;0;formation sélective
92;15;0;formation sélective
87;36;4;formation sélective
83;30;5;formation sélective
2;15;0;formation sélective
39;16;6;formation sélective
80;15;4;formation sélective
91;12;0;formation sélective
72;12;1;formation sélective
92;130;55;formation sélective
69;27;0;formation sélective
69;64;8;formation sélective
95;14;0;formation sélective
9;24;0;formation sélective
971;18;0;formation sélective
31;18;0;formation sélective
62;25;1;formation sélective
49;30;10;formation sélective
1;15;0;formation sélective
94;103;5;formation sélective
77;75;2;formation sélective
86;143;24;formation sélective
61;44;4;formation sélective
14;47;3;formation sélective
28;13;0;formation sélective
62;35;1;formation sélective
13;46;6;formation sélective
972;18;2;formation sélective
31;65;1;formation sélective
31;17;0;formation sélective
92;23;2;formation sélective
94;30;31;formation sélective
52;15;0;formation sélective
80;8;5;formation non sélective
80;197;61;formation non sélective
77;24;0;formation sélective
95;40;11;formation sélective
51;12;0;formation sélective
49;110;43;formation non sélective
13;24;0;formation sélective
21;8;1;formation sélective
46;15;0;formation sélective
68;18;0;formation sélective
75;15;0;formation sélective
77;26;6;formation sélective
69;40;29;formation sélective
69;20;13;formation sélective
69;25;19;formation sélective
31;12;0;formation sélective
31;12;0;formation sélective
987;22;0;formation sélective
987;30;0;formation sélective
987;12;0;formation sélective
75;30;25;formation sélective
59;175;126;formation sélective
78;100;78;formation sélective
75;30;34;formation sélective
31;270;231;formation sélective
31;10;0;formation sélective
59;8;0;formation sélective
33;12;11;formation sélective
56;15;0;formation sélective
49;310;265;formation sélective
13;80;37;formation sélective
94;60;12;formation sélective
86;15;0;formation sélective
75;48;12;formation sélective
80;25;4;formation sélective
31;20;10;formation sélective
69;60;10;formation sélective
75;210;34;formation sélective
59;80;26;formation sélective
974;24;3;formation sélective
92;450;322;formation sélective
75;220;85;formation sélective
51;85;63;formation sélective
76;120;91;formation sélective
75;105;66;formation sélective
10;40;6;formation sélective
49;50;40;formation sélective
33;40;21;formation sélective
75;60;27;formation sélective
75;50;14;formation sélective
83;45;12;formation sélective
16;30;4;formation sélective
86;30;7;formation sélective
974;29;13;formation sélective
69;420;332;formation sélective
75;200;156;formation sélective
33;30;10;formation sélective
974;15;0;formation sélective
42;63;14;formation sélective
69;16;2;formation sélective
35;260;144;formation sélective
974;30;26;formation non sélective
33;12;7;formation sélective
59;70;39;formation non sélective
31;39;13;formation sélective
56;20;7;formation sélective
59;60;6;formation non sélective
59;120;27;formation non sélective
74;15;3;formation sélective
87;100;60;formation non sélective
974;650;21;formation non sélective
974;750;26;formation non sélective
75;25;1;formation non sélective
987;24;1;formation sélective
7;4;0;formation sélective
38;16;1;formation non sélective
77;7;0;formation sélective
63;80;79;formation non sélective
63;80;80;formation non sélective
63;40;17;formation non sélective
63;80;47;formation non sélective
13;100;16;formation sélective
33;35;14;formation non sélective
33;30;26;formation non sélective
92;30;6;formation non sélective
35;170;35;formation non sélective
76;36;2;formation non sélective
92;45;26;formation non sélective
972;9;1;formation non sélective
72;15;3;formation non sélective
72;2;0;formation non sélective
75;8;1;formation sélective
72;5;0;formation non sélective
57;50;9;formation non sélective
57;16;9;formation non sélective
49;5;3;formation non sélective
54;40;7;formation non sélective
54;18;6;formation non sélective
54;36;12;formation non sélective
72;3;2;formation non sélective
85;35;8;formation non sélective
17;8;0;formation sélective
76;48;13;formation non sélective
21;5;1;formation non sélective
78;10;8;formation non sélective
87;266;227;formation non sélective
87;24;4;formation non sélective
92;35;26;formation non sélective
25;36;25;formation non sélective
25;18;6;formation non sélective
25;45;21;formation non sélective
49;10;3;formation non sélective
49;30;16;formation non sélective
35;40;1;formation non sélective
25;108;95;formation non sélective
25;46;33;formation non sélective
35;40;35;formation non sélective
35;40;17;formation non sélective
35;40;37;formation non sélective
95;307;98;formation non sélective
971;50;8;formation non sélective
92;25;22;formation sélective
92;10;2;formation sélective
6;90;84;formation non sélective
25;90;88;formation non sélective
44;45;4;formation non sélective
31;36;14;formation non sélective
31;36;9;formation non sélective
63;275;82;formation non sélective
63;50;5;formation non sélective
25;51;31;formation non sélective
974;40;5;formation non sélective
21;149;99;formation non sélective
21;144;129;formation non sélective
14;30;10;formation non sélective
49;360;216;formation non sélective
45;160;60;formation non sélective
37;80;73;formation non sélective
29;20;1;formation non sélective
42;70;15;formation non sélective
61;116;19;formation non sélective
91;30;22;formation non sélective
59;90;32;formation sélective
44;80;76;formation non sélective
44;72;72;formation non sélective
44;80;60;formation non sélective
34;42;14;formation sélective
75;100;23;formation sélective
93;122;11;formation non sélective
80;25;5;formation sélective
75;160;128;formation non sélective
13;108;95;formation non sélective
66;10;5;formation non sélective
93;25;0;formation non sélective
69;345;330;formation non sélective
69;100;85;formation non sélective
69;35;34;formation non sélective
93;25;0;formation non sélective
29;10;6;formation non sélective
93;25;0;formation non sélective
80;36;16;formation sélective
71;12;0;formation sélective
94;250;69;formation non sélective
59;40;10;formation non sélective
75;15;7;formation non sélective
93;3;0;formation sélective
66;12;0;formation sélective
93;30;9;formation non sélective
93;120;9;formation non sélective
75;45;7;formation non sélective
75;1200;759;formation non sélective
99;40;36;formation sélective
25;3;0;formation sélective
91;15;11;formation non sélective
13;50;17;formation non sélective
13;10;7;formation non sélective
94;205;73;formation non sélective
69;60;27;formation non sélective
13;20;6;formation non sélective
13;30;21;formation non sélective
13;65;38;formation non sélective
59;60;32;formation sélective
80;10;2;formation non sélective
80;8;5;formation non sélective
35;120;7;formation non sélective
75;15;1;formation non sélective
75;200;92;formation non sélective
93;30;27;formation non sélective
34;30;10;formation non sélective
75;6;5;formation sélective
80;20;2;formation non sélective
75;6;3;formation sélective
75;6;6;formation sélective
35;40;11;formation non sélective
94;25;16;formation non sélective
86;40;40;formation non sélective
86;40;37;formation non sélective
86;200;194;formation non sélective
29;80;12;formation non sélective
29;180;28;formation non sélective
67;100;14;formation non sélective
41;6;0;formation sélective
59;10;1;formation sélective
78;25;15;formation sélective
34;90;50;formation non sélective
30;30;23;formation non sélective
91;50;43;formation sélective
91;45;19;formation sélective
91;25;12;formation sélective
49;5;3;formation non sélective
52;15;0;formation sélective
59;305;185;formation sélective
91;35;31;formation non sélective
93;30;25;formation non sélective
64;10;6;formation sélective
91;25;25;formation sélective
971;70;12;formation non sélective
85;15;10;formation sélective
62;50;9;formation non sélective
75;25;10;formation sélective
7;1;0;formation sélective
67;120;27;formation non sélective
972;12;1;formation sélective
92;84;5;formation sélective
69;147;124;formation sélective
95;120;19;formation sélective
60;340;248;formation sélective
67;20;0;formation sélective
35;15;0;formation sélective
75;12;0;formation sélective
75;15;14;formation non sélective
75;24;16;formation non sélective
75;30;17;formation non sélective
971;16;0;formation sélective
45;32;5;formation sélective
75;10;1;formation non sélective
75;10;1;formation non sélective
75;10;1;formation non sélective
75;10;2;formation non sélective
75;10;1;formation non sélective
75;15;1;formation non sélective
81;25;24;formation non sélective
59;120;106;formation non sélective
57;30;10;formation sélective
83;26;0;formation sélective
56;5;0;formation sélective
56;3;0;formation sélective
75;20;17;formation sélective
31;36;30;formation non sélective
31;150;151;formation non sélective
60;18;2;formation sélective
60;15;0;formation sélective
20;40;33;formation non sélective
14;36;5;formation sélective
34;14;0;formation sélective
34;15;1;formation sélective
34;12;2;formation sélective
34;12;2;formation sélective
34;12;3;formation sélective
93;24;0;formation sélective
38;15;1;formation sélective
38;34;0;formation sélective
78;28;0;formation sélective
81;12;0;formation sélective
69;12;0;formation sélective
31;140;53;formation non sélective
57;12;8;formation sélective
57;12;4;formation sélective
974;27;6;formation sélective
63;120;79;formation non sélective
17;19;2;formation sélective
31;60;0;formation non sélective
59;50;14;formation sélective
72;45;5;formation sélective
60;30;0;formation sélective
83;24;0;formation sélective
75;20;15;formation sélective
30;17;1;formation sélective
94;40;40;formation sélective
31;25;9;formation sélective
38;100;56;formation non sélective
31;50;17;formation non sélective
31;25;13;formation non sélective
31;175;162;formation non sélective
44;22;13;formation sélective
976;32;2;formation sélective
49;10;15;formation sélective
93;25;13;formation sélective
63;145;62;formation non sélective
49;50;7;formation sélective
976;12;0;formation sélective
13;30;0;formation sélective
38;40;10;formation non sélective
38;30;10;formation non sélective
75;10;3;formation non sélective
38;230;64;formation non sélective
38;10;5;formation non sélective
38;65;9;formation non sélective
33;95;31;formation non sélective
33;90;19;formation non sélective
75;2;2;formation sélective
33;12;8;formation sélective
69;5;0;formation sélective
92;80;25;formation sélective
75;50;9;formation sélective
6;110;59;formation sélective
21;20;6;formation non sélective
33;12;8;formation sélective
21;61;71;formation sélective
974;10;0;formation sélective
78;8;0;formation sélective
974;3;0;formation sélective
95;30;28;formation sélective
95;13;17;formation sélective
78;30;36;formation sélective
34;120;56;formation non sélective
34;300;67;formation non sélective
34;440;198;formation non sélective
34;80;20;formation non sélective
13;48;40;formation sélective
93;35;11;formation sélective
94;40;19;formation sélective
74;24;6;formation sélective
69;19;21;formation sélective
972;42;22;formation sélective
34;48;46;formation sélective
66;30;11;formation sélective
57;48;28;formation sélective
57;25;6;formation sélective
6;24;24;formation sélective
50;48;12;formation sélective
76;24;8;formation sélective
37;48;31;formation sélective
75;24;23;formation sélective
75;48;36;formation sélective
75;48;26;formation sélective
86;27;23;formation sélective
51;18;5;formation sélective
67;20;5;formation sélective
46;24;6;formation sélective
95;21;2;formation sélective
92;48;48;formation sélective
69;24;20;formation sélective
75;48;47;formation sélective
38;14;4;formation sélective
59;24;26;formation sélective
69;19;19;formation sélective
69;18;10;formation sélective
35;25;25;formation sélective
75;24;24;formation sélective
38;24;24;formation sélective
59;24;27;formation sélective
74;24;25;formation sélective
68;12;9;formation sélective
33;24;20;formation sélective
95;21;14;formation sélective
78;22;22;formation sélective
75;40;38;formation sélective
971;24;20;formation sélective
75;48;49;formation sélective
974;35;35;formation sélective
67;48;46;formation sélective
38;40;28;formation non sélective
38;210;88;formation non sélective
34;20;20;formation sélective
92;60;30;formation sélective
66;10;2;formation non sélective
18;30;20;formation non sélective
95;30;2;formation non sélective
38;80;24;formation sélective
18;25;5;formation non sélective
99;40;4;formation sélective
62;11;0;formation sélective
30;85;33;formation non sélective
30;38;11;formation non sélective
30;12;10;formation non sélective
34;116;75;formation non sélective
34;274;189;formation non sélective
34;38;35;formation non sélective
75;48;46;formation sélective
31;24;9;formation sélective
38;3;0;formation sélective
38;15;2;formation non sélective
49;80;40;formation non sélective
38;5;0;formation non sélective
6;63;74;formation sélective
93;24;4;formation sélective
92;15;1;formation sélective
92;30;9;formation sélective
75;60;3;formation sélective
42;40;9;formation sélective
35;40;25;formation non sélective
38;10;1;formation non sélective
13;30;25;formation sélective
44;36;26;formation non sélective
44;127;60;formation non sélective
95;20;6;formation sélective
974;115;3;formation non sélective
95;25;27;formation sélective
80;48;34;formation sélective
33;48;46;formation sélective
21;47;44;formation sélective
38;48;47;formation sélective
75;10;2;formation non sélective
59;30;26;formation non sélective
51;66;43;formation non sélective
51;105;47;formation non sélective
69;40;38;formation non sélective
51;30;0;formation sélective
37;20;8;formation non sélective
37;60;58;formation non sélective
49;20;5;formation non sélective
93;20;1;formation sélective
75;20;9;formation non sélective
25;30;3;formation non sélective
987;80;12;formation non sélective
987;50;0;formation sélective
33;15;0;formation sélective
19;12;0;formation sélective
23;12;0;formation sélective
75;25;10;formation non sélective
31;36;20;formation non sélective
75;20;20;formation sélective
54;20;20;formation sélective
42;15;1;formation sélective
68;20;1;formation sélective
78;10;4;formation non sélective
75;10;5;formation non sélective
6;35;25;formation non sélective
83;4;0;formation sélective
95;24;11;formation sélective
95;24;1;formation sélective
33;40;0;formation sélective
60;30;19;formation non sélective
90;40;20;formation non sélective
29;20;3;formation non sélective
66;35;5;formation non sélective
78;12;1;formation sélective
76;153;144;formation non sélective
971;12;4;formation sélective
51;90;28;formation sélective
35;28;15;formation sélective
59;5;3;formation sélective
59;40;0;formation sélective
62;26;6;formation sélective
974;50;2;formation sélective
71;12;0;formation sélective
13;15;0;formation sélective
21;15;1;formation sélective
13;30;0;formation sélective
84;24;4;formation sélective
59;24;0;formation sélective
59;16;1;formation sélective
59;15;0;formation sélective
53;25;3;formation sélective
68;25;11;formation sélective
78;80;45;formation sélective
34;30;0;formation sélective
67;19;0;formation sélective
71;12;1;formation sélective
62;10;0;formation sélective
42;28;13;formation sélective
59;100;2;formation sélective
88;19;1;formation sélective
80;200;72;formation non sélective
31;20;0;formation sélective
59;20;0;formation sélective
31;20;0;formation sélective
41;15;0;formation sélective
45;15;0;formation sélective
51;19;0;formation sélective
88;19;0;formation sélective
972;15;0;formation sélective
87;30;5;formation sélective
13;24;3;formation sélective
15;10;0;formation sélective
7;6;0;formation sélective
91;12;0;formation sélective
92;12;1;formation sélective
95;12;0;formation sélective
26;12;1;formation sélective
92;12;0;formation sélective
49;24;15;formation sélective
13;13;5;formation sélective
49;80;22;formation sélective
74;15;1;formation sélective
87;5;0;formation sélective
94;16;12;formation sélective
33;280;114;formation non sélective
75;12;14;formation sélective
49;10;4;formation sélective
49;3;1;formation sélective
31;45;4;formation non sélective
31;50;2;formation non sélective
75;35;35;formation sélective
13;4;0;formation sélective
13;3;0;formation sélective
49;3;0;formation sélective
13;3;0;formation sélective
86;180;40;formation non sélective
86;102;24;formation non sélective
75;8;0;formation sélective
69;15;12;formation sélective
33;20;19;formation non sélective
69;10;7;formation sélective
69;27;7;formation non sélective
69;13;4;formation non sélective
69;27;9;formation non sélective
69;6;6;formation non sélective
69;7;1;formation non sélective
75;30;7;formation sélective
69;33;26;formation non sélective
69;73;41;formation non sélective
69;63;43;formation non sélective
69;102;23;formation non sélective
69;66;20;formation non sélective
69;62;25;formation non sélective
69;10;3;formation non sélective
69;153;49;formation non sélective
69;63;21;formation non sélective
69;116;17;formation non sélective
69;147;96;formation non sélective
69;4;2;formation non sélective
69;2;2;formation non sélective
974;24;1;formation sélective
33;35;31;formation sélective
14;40;2;formation sélective
91;20;9;formation non sélective
74;15;13;formation sélective
69;19;5;formation non sélective
69;38;20;formation non sélective
69;5;1;formation non sélective
69;29;11;formation non sélective
69;62;16;formation non sélective
69;35;10;formation non sélective
76;32;6;formation sélective
93;60;14;formation non sélective
35;50;0;formation non sélective
35;40;1;formation non sélective
35;40;1;formation non sélective
38;75;10;formation non sélective
38;10;0;formation non sélective
75;100;23;formation sélective
75;30;6;formation sélective
56;76;15;formation non sélective
29;15;2;formation non sélective
49;18;0;formation sélective
76;36;4;formation sélective
33;40;13;formation non sélective
57;40;7;formation non sélective
26;30;2;formation sélective
29;150;24;formation non sélective
29;180;166;formation non sélective
75;7;2;formation sélective
42;65;17;formation non sélective
42;35;6;formation non sélective
42;130;40;formation non sélective
42;90;22;formation non sélective
42;10;3;formation non sélective
42;4;4;formation sélective
69;33;32;formation non sélective
49;10;2;formation non sélective
75;15;6;formation sélective
26;35;17;formation non sélective
25;5;0;formation sélective
34;45;25;formation non sélective
987;80;28;formation non sélective
987;120;7;formation non sélective
987;100;15;formation non sélective
35;20;8;formation non sélective
75;10;8;formation non sélective
42;10;0;formation sélective
87;72;28;formation non sélective
49;15;3;formation sélective
69;50;45;formation non sélective
56;20;9;formation non sélective
30;20;0;formation sélective
14;25;2;formation non sélective
31;36;12;formation sélective
29;40;8;formation non sélective
31;36;7;formation sélective
31;36;9;formation non sélective
27;35;0;formation sélective
44;20;1;formation sélective
49;22;0;formation sélective
74;10;8;formation sélective
69;100;10;formation non sélective
34;35;19;formation non sélective
76;96;96;formation sélective
76;4;0;formation sélective
78;30;1;formation non sélective
69;48;42;formation non sélective
21;15;10;formation non sélective
69;30;27;formation non sélective
49;36;4;formation sélective
63;12;1;formation sélective
44;35;31;formation sélective
49;30;1;formation sélective
69;170;102;formation sélective
33;30;6;formation sélective
974;16;1;formation sélective
44;30;22;formation non sélective
7;25;4;formation sélective
76;36;6;formation sélective
69;30;15;formation sélective
971;260;44;formation non sélective
971;50;23;formation non sélective
972;200;6;formation non sélective
63;10;0;formation sélective
92;30;1;formation sélective
6;38;3;formation sélective
75;25;20;formation sélective
971;20;2;formation non sélective
45;15;0;formation sélective
14;15;0;formation sélective
59;5;0;formation non sélective
65;10;0;formation sélective
6;72;5;formation sélective
6;36;6;formation sélective
78;2;0;formation sélective
13;234;74;formation non sélective
44;30;4;formation sélective
67;25;12;formation non sélective
34;0;0;formation sélective
973;15;0;formation sélective
33;15;3;formation sélective
92;35;4;formation non sélective
75;9;0;formation sélective
23;12;0;formation sélective
69;24;0;formation sélective
56;18;7;formation sélective
59;30;0;formation sélective
69;30;9;formation non sélective
56;10;1;formation non sélective
63;40;15;formation non sélective
49;25;7;formation sélective
59;60;61;formation non sélective
13;24;0;formation sélective
22;16;0;formation sélective
95;12;0;formation sélective
44;60;4;formation sélective
44;90;2;formation sélective
59;32;0;formation sélective
42;24;24;formation sélective
69;10;0;formation sélective
56;40;11;formation sélective
26;24;27;formation sélective
69;32;1;formation sélective
2;20;0;formation sélective
16;10;0;formation sélective
69;3;0;formation sélective
74;3;0;formation sélective
12;3;0;formation sélective
31;1;0;formation sélective
63;3;0;formation sélective
72;24;8;formation sélective
21;15;13;formation non sélective
67;30;6;formation sélective
45;15;7;formation non sélective
45;15;14;formation non sélective
974;15;0;formation sélective
75;6;0;formation sélective
33;70;69;formation sélective
6;120;111;formation sélective
21;90;54;formation sélective
34;180;172;formation sélective
59;145;142;formation sélective
63;110;107;formation sélective
93;52;45;formation sélective
29;120;71;formation sélective
57;12;0;formation sélective
31;250;235;formation sélective
69;85;38;formation sélective
17;120;108;formation sélective
75;220;123;formation sélective
69;90;68;formation sélective
87;38;15;formation sélective
13;6;0;formation sélective
44;14;0;formation sélective
26;60;54;formation sélective
45;12;0;formation sélective
34;200;11;formation sélective
44;33;22;formation sélective
33;65;46;formation sélective
29;32;17;formation sélective
1;24;0;formation sélective
1;17;1;formation sélective
2;33;1;formation sélective
2;15;1;formation sélective
2;15;7;formation sélective
2;35;0;formation sélective
2;15;1;formation sélective
2;15;1;formation sélective
2;35;1;formation sélective
2;24;5;formation sélective
2;112;12;formation sélective
2;140;36;formation sélective
3;24;13;formation sélective
3;15;0;formation sélective
3;15;0;formation sélective
3;12;0;formation sélective
3;15;0;formation sélective
3;18;0;formation sélective
3;48;16;formation sélective
3;100;24;formation sélective
3;24;0;formation sélective
5;15;0;formation sélective
5;40;3;formation sélective
6;24;0;formation sélective
6;24;6;formation sélective
6;24;0;formation sélective
6;24;3;formation sélective
6;8;2;formation sélective
6;24;1;formation sélective
6;35;0;formation sélective
6;35;5;formation sélective
6;32;13;formation sélective
6;48;0;formation sélective
6;70;3;formation sélective
6;61;7;formation sélective
6;36;39;formation sélective
6;36;16;formation sélective
6;36;6;formation sélective
6;24;0;formation sélective
6;19;4;formation sélective
6;140;48;formation sélective
6;90;9;formation non sélective
6;230;34;formation non sélective
6;15;1;formation sélective
6;24;0;formation sélective
6;15;2;formation sélective
6;24;9;formation sélective
6;24;0;formation sélective
6;70;18;formation sélective
6;112;37;formation sélective
7;15;0;formation sélective
7;31;0;formation sélective
7;30;0;formation sélective
7;30;3;formation sélective
8;15;0;formation sélective
8;60;0;formation sélective
8;48;6;formation sélective
8;55;13;formation sélective
9;24;5;formation sélective
9;33;0;formation sélective
10;8;0;formation sélective
10;48;26;formation sélective
10;15;0;formation sélective
10;16;0;formation sélective
10;23;2;formation sélective
10;60;10;formation non sélective
11;33;0;formation sélective
11;30;0;formation sélective
11;35;15;formation sélective
12;6;0;formation sélective
12;24;1;formation sélective
12;50;31;formation sélective
12;28;9;formation sélective
12;32;8;formation sélective
12;24;0;formation sélective
12;12;0;formation sélective
12;50;14;formation non sélective
13;35;5;formation sélective
13;96;87;formation sélective
13;144;129;formation sélective
13;48;39;formation sélective
13;31;0;formation sélective
13;24;0;formation sélective
13;15;0;formation sélective
13;30;0;formation sélective
13;18;0;formation sélective
13;32;1;formation sélective
13;36;6;formation sélective
13;35;1;formation sélective
13;15;0;formation sélective
13;24;1;formation sélective
13;24;1;formation sélective
13;78;1;formation sélective
13;33;1;formation sélective
13;35;1;formation sélective
13;26;0;formation sélective
13;18;1;formation sélective
13;35;28;formation sélective
13;28;23;formation sélective
13;24;0;formation sélective
13;60;8;formation sélective
13;30;17;formation sélective
13;104;31;formation sélective
13;90;29;formation sélective
13;321;101;formation non sélective
13;49;2;formation non sélective
13;52;2;formation non sélective
13;70;6;formation non sélective
13;60;27;formation non sélective
13;343;105;formation non sélective
13;40;3;formation non sélective
13;28;0;formation sélective
13;35;1;formation sélective
13;30;0;formation sélective
13;28;0;formation sélective
13;35;1;formation sélective
13;78;21;formation sélective
13;35;9;formation sélective
14;35;6;formation sélective
14;35;0;formation sélective
14;35;2;formation sélective
14;32;0;formation sélective
14;30;6;formation sélective
14;30;1;formation sélective
14;35;6;formation sélective
14;34;0;formation sélective
14;35;0;formation sélective
14;24;3;formation sélective
14;32;16;formation sélective
14;32;14;formation sélective
14;102;41;formation sélective
14;8;0;formation sélective
14;18;0;formation sélective
14;160;64;formation non sélective
14;70;19;formation non sélective
14;300;68;formation non sélective
14;150;25;formation non sélective
14;60;4;formation non sélective
14;24;0;formation sélective
14;32;0;formation sélective
14;100;0;formation sélective
14;96;89;formation sélective
14;24;1;formation sélective
14;6;0;formation sélective
14;24;5;formation sélective
14;82;36;formation sélective
15;24;1;formation sélective
16;28;4;formation sélective
16;24;0;formation sélective
16;12;1;formation sélective
16;24;0;formation sélective
17;12;1;formation sélective
17;28;9;formation sélective
17;19;0;formation sélective
17;27;2;formation sélective
17;24;4;formation sélective
17;96;0;formation sélective
17;35;6;formation sélective
17;15;0;formation sélective
17;30;13;formation non sélective
17;200;58;formation non sélective
17;40;22;formation non sélective
17;48;16;formation non sélective
18;24;4;formation sélective
18;34;0;formation sélective
18;15;0;formation sélective
18;22;3;formation sélective
18;32;2;formation sélective
18;22;0;formation sélective
18;18;0;formation sélective
18;104;34;formation sélective
18;48;13;formation sélective
19;12;0;formation sélective
19;15;3;formation sélective
19;18;1;formation sélective
19;64;9;formation sélective
19;19;0;formation sélective
19;16;4;formation sélective
19;56;10;formation sélective
19;125;49;formation non sélective
21;47;31;formation sélective
21;96;67;formation sélective
21;12;0;formation sélective
21;12;0;formation sélective
21;24;0;formation sélective
21;36;12;formation sélective
21;27;4;formation sélective
21;35;10;formation sélective
21;18;0;formation sélective
21;72;45;formation sélective
21;48;47;formation sélective
21;48;18;formation sélective
21;15;0;formation sélective
21;12;0;formation sélective
21;33;4;formation sélective
21;32;6;formation sélective
21;63;2;formation sélective
21;15;2;formation non sélective
21;24;1;formation sélective
22;24;2;formation sélective
22;30;0;formation sélective
22;30;3;formation sélective
22;35;2;formation sélective
22;35;0;formation sélective
22;35;0;formation sélective
22;27;1;formation sélective
22;32;0;formation sélective
22;78;43;formation sélective
22;50;3;formation sélective
24;28;4;formation sélective
24;28;0;formation sélective
24;20;0;formation sélective
24;26;10;formation sélective
24;80;32;formation sélective
25;20;0;formation sélective
25;48;52;formation sélective
25;30;0;formation sélective
25;24;3;formation sélective
25;30;0;formation sélective
25;14;4;formation sélective
25;32;1;formation sélective
25;94;46;formation sélective
25;84;41;formation sélective
25;38;1;formation sélective
25;38;0;formation sélective
25;150;26;formation non sélective
25;80;1;formation non sélective
25;200;59;formation non sélective
25;140;10;formation non sélective
25;100;30;formation non sélective
26;30;0;formation sélective
26;23;1;formation sélective
26;38;10;formation sélective
26;24;0;formation sélective
26;140;60;formation sélective
26;51;22;formation non sélective
26;70;16;formation non sélective
26;15;4;formation non sélective
27;33;3;formation sélective
27;35;1;formation sélective
27;16;2;formation sélective
27;56;7;formation sélective
28;24;0;formation sélective
28;32;3;formation sélective
28;50;7;formation sélective
28;36;7;formation sélective
28;24;2;formation sélective
29;96;62;formation sélective
29;11;0;formation sélective
29;30;6;formation sélective
29;33;33;formation sélective
29;48;24;formation sélective
29;35;1;formation sélective
29;48;44;formation sélective
29;34;5;formation sélective
29;56;32;formation sélective
29;30;11;formation sélective
29;24;8;formation sélective
29;560;150;formation non sélective
29;40;0;formation non sélective
29;19;2;formation sélective
29;35;0;formation sélective
30;35;0;formation sélective
30;48;45;formation sélective
30;96;45;formation sélective
30;48;42;formation sélective
30;45;11;formation sélective
30;15;0;formation sélective
30;35;0;formation sélective
30;35;1;formation sélective
30;22;0;formation sélective
30;48;13;formation sélective
30;70;4;formation sélective
30;34;0;formation sélective
30;120;55;formation sélective
30;113;44;formation sélective
30;70;22;formation sélective
30;18;0;formation sélective
30;300;20;formation non sélective
30;300;15;formation non sélective
30;270;27;formation non sélective
30;200;35;formation non sélective
31;24;0;formation sélective
31;96;89;formation sélective
31;48;47;formation sélective
31;96;92;formation sélective
31;50;2;formation sélective
31;35;0;formation sélective
31;30;0;formation sélective
31;35;8;formation sélective
31;35;21;formation sélective
31;30;1;formation sélective
31;125;55;formation non sélective
31;134;33;formation sélective
31;320;120;formation sélective
31;35;3;formation sélective
31;35;17;formation sélective
31;48;7;formation sélective
31;24;0;formation sélective
31;35;34;formation sélective
31;30;1;formation sélective
31;24;13;formation sélective
31;400;161;formation non sélective
31;27;21;formation sélective
31;400;31;formation non sélective
31;50;1;formation non sélective
31;600;64;formation non sélective
31;120;3;formation non sélective
31;70;20;formation sélective
31;84;34;formation sélective
31;250;44;formation non sélective
31;450;51;formation non sélective
31;276;133;formation non sélective
31;100;22;formation non sélective
31;78;26;formation sélective
31;30;8;formation sélective
31;12;10;formation sélective
31;30;0;formation sélective
31;27;0;formation sélective
31;20;0;formation sélective
31;24;0;formation sélective
32;15;0;formation sélective
32;67;9;formation sélective
33;96;95;formation sélective
33;96;81;formation sélective
33;35;1;formation sélective
33;35;2;formation sélective
33;35;3;formation sélective
33;76;28;formation sélective
33;96;37;formation sélective
33;44;21;formation sélective
33;24;0;formation sélective
33;34;1;formation sélective
33;300;185;formation non sélective
33;35;1;formation non sélective
33;75;17;formation non sélective
33;135;29;formation non sélective
33;16;3;formation sélective
33;30;3;formation sélective
33;30;10;formation sélective
33;35;1;formation sélective
33;30;0;formation sélective
33;8;8;formation sélective
33;705;157;formation non sélective
33;138;58;formation sélective
34;30;0;formation sélective
34;30;0;formation sélective
34;30;0;formation sélective
34;48;47;formation sélective
34;36;2;formation sélective
34;110;69;formation sélective
34;120;44;formation sélective
34;104;56;formation sélective
34;106;52;formation sélective
34;35;0;formation sélective
34;300;35;formation non sélective
34;275;52;formation non sélective
34;220;95;formation non sélective
34;45;0;formation non sélective
34;45;2;formation non sélective
34;45;10;formation non sélective
34;190;83;formation non sélective
34;65;7;formation non sélective
34;15;1;formation sélective
34;24;1;formation sélective
35;18;0;formation sélective
35;30;4;formation sélective
35;30;1;formation sélective
35;10;2;formation sélective
35;28;1;formation sélective
35;30;1;formation sélective
35;196;92;formation sélective
35;32;0;formation sélective
35;32;2;formation sélective
35;144;139;formation sélective
35;144;139;formation sélective
35;35;2;formation sélective
35;35;1;formation sélective
35;35;1;formation sélective
35;50;1;formation sélective
35;35;2;formation sélective
35;30;0;formation sélective
35;65;55;formation sélective
35;18;4;formation sélective
35;280;60;formation non sélective
22;100;14;formation non sélective
35;30;0;formation non sélective
35;20;0;formation sélective
35;30;1;formation sélective
35;34;14;formation sélective
35;35;9;formation sélective
35;46;5;formation sélective
35;117;45;formation sélective
36;20;4;formation non sélective
36;84;19;formation sélective
36;56;6;formation sélective
37;24;0;formation sélective
37;24;1;formation sélective
37;15;1;formation sélective
37;36;1;formation sélective
37;16;1;formation sélective
37;16;0;formation sélective
37;18;0;formation sélective
37;37;0;formation sélective
37;88;32;formation sélective
37;28;12;formation sélective
37;24;0;formation sélective
37;32;1;formation sélective
37;180;34;formation non sélective
37;160;34;formation non sélective
37;410;226;formation non sélective
37;250;91;formation non sélective
37;50;20;formation non sélective
37;50;8;formation non sélective
37;18;3;formation sélective
37;24;0;formation sélective
38;24;0;formation sélective
38;40;15;formation sélective
38;28;0;formation sélective
38;34;1;formation sélective
38;32;0;formation sélective
38;30;2;formation sélective
38;72;0;formation sélective
38;34;0;formation sélective
38;32;2;formation sélective
38;24;0;formation sélective
38;24;1;formation sélective
38;15;0;formation sélective
38;140;41;formation sélective
38;32;4;formation sélective
38;30;1;formation sélective
38;26;0;formation sélective
38;28;4;formation sélective
38;50;11;formation sélective
38;192;45;formation non sélective
38;35;24;formation sélective
38;15;2;formation non sélective
38;30;0;formation non sélective
38;130;39;formation non sélective
38;20;0;formation non sélective
38;40;6;formation non sélective
38;32;4;formation sélective
38;24;2;formation sélective
38;20;0;formation sélective
38;10;8;formation sélective
38;34;0;formation sélective
38;34;1;formation sélective
38;32;0;formation sélective
38;28;0;formation sélective
38;32;0;formation sélective
39;26;1;formation sélective
39;30;0;formation sélective
39;24;1;formation sélective
39;26;0;formation sélective
39;40;0;formation sélective
40;35;1;formation sélective
40;24;1;formation sélective
40;14;0;formation sélective
40;30;0;formation sélective
40;35;1;formation sélective
41;15;0;formation sélective
41;24;1;formation sélective
41;32;6;formation sélective
41;30;12;formation sélective
42;32;0;formation sélective
42;48;33;formation sélective
42;35;0;formation sélective
42;24;0;formation sélective
42;22;2;formation sélective
42;30;0;formation sélective
42;24;0;formation sélective
42;68;18;formation sélective
42;161;41;formation sélective
42;21;0;formation sélective
42;15;0;formation sélective
42;45;13;formation non sélective
42;60;9;formation non sélective
42;120;16;formation non sélective
42;15;0;formation sélective
42;52;2;formation non sélective
43;35;0;formation sélective
43;35;1;formation sélective
43;40;0;formation sélective
43;40;4;formation sélective
43;24;0;formation sélective
43;50;18;formation sélective
44;35;0;formation sélective
44;96;97;formation sélective
44;96;94;formation sélective
44;48;47;formation sélective
44;14;0;formation sélective
44;40;11;formation sélective
44;23;0;formation sélective
44;44;0;formation sélective
44;34;0;formation sélective
44;35;24;formation sélective
44;24;1;formation sélective
44;18;3;formation sélective
44;35;0;formation sélective
44;35;2;formation sélective
44;18;0;formation sélective
44;34;0;formation sélective
44;24;1;formation sélective
44;160;57;formation sélective
44;60;4;formation non sélective
44;230;39;formation non sélective
44;140;40;formation non sélective
44;235;63;formation non sélective
44;28;2;formation sélective
44;29;1;formation sélective
44;9;0;formation sélective
44;19;2;formation sélective
44;18;1;formation sélective
44;40;35;formation sélective
44;35;4;formation sélective
44;27;0;formation sélective
44;35;1;formation sélective
44;35;10;formation sélective
44;35;3;formation sélective
45;32;2;formation sélective
45;32;1;formation sélective
45;48;39;formation sélective
45;48;25;formation sélective
45;24;1;formation sélective
45;30;2;formation sélective
45;84;34;formation sélective
45;78;31;formation sélective
45;135;46;formation sélective
45;35;27;formation sélective
46;18;1;formation sélective
46;24;1;formation sélective
46;15;0;formation sélective
47;26;2;formation sélective
47;35;1;formation sélective
47;30;0;formation sélective
47;30;1;formation sélective
47;35;0;formation sélective
47;88;27;formation sélective
48;30;1;formation sélective
48;27;0;formation sélective
48;15;0;formation sélective
49;23;5;formation sélective
49;34;0;formation sélective
49;45;5;formation sélective
49;38;15;formation sélective
49;56;15;formation sélective
49;35;0;formation sélective
49;33;8;formation sélective
49;35;0;formation sélective
49;42;39;formation sélective
49;70;19;formation non sélective
49;280;102;formation non sélective
49;30;3;formation sélective
49;35;11;formation sélective
49;35;1;formation sélective
49;24;0;formation sélective
49;260;128;formation sélective
50;18;0;formation sélective
50;30;1;formation sélective
50;12;0;formation sélective
50;24;0;formation sélective
50;24;0;formation sélective
50;12;7;formation sélective
50;12;6;formation sélective
50;48;33;formation sélective
50;36;0;formation sélective
50;77;23;formation sélective
51;15;0;formation sélective
51;30;1;formation sélective
51;60;1;formation sélective
51;36;3;formation sélective
51;30;3;formation sélective
51;36;0;formation sélective
51;24;0;formation sélective
51;130;37;formation sélective
51;56;7;formation sélective
51;36;5;formation sélective
51;14;6;formation sélective
51;14;6;formation sélective
51;16;6;formation sélective
51;65;2;formation non sélective
51;250;53;formation non sélective
51;360;155;formation non sélective
51;35;1;formation sélective
51;36;1;formation sélective
51;36;10;formation sélective
52;27;3;formation sélective
52;35;0;formation sélective
52;35;0;formation sélective
52;12;0;formation sélective
53;18;0;formation sélective
53;10;0;formation sélective
53;10;1;formation sélective
53;35;2;formation sélective
53;24;3;formation sélective
53;78;42;formation sélective
53;110;47;formation sélective
53;50;12;formation non sélective
54;35;11;formation sélective
54;48;2;formation sélective
54;15;0;formation sélective
54;15;0;formation sélective
54;24;1;formation sélective
54;24;1;formation sélective
54;24;1;formation sélective
54;76;14;formation sélective
54;74;23;formation sélective
54;40;2;formation sélective
54;60;14;formation sélective
54;27;9;formation sélective
54;15;1;formation sélective
54;125;69;formation sélective
54;162;52;formation sélective
54;360;138;formation non sélective
54;90;7;formation non sélective
54;20;1;formation non sélective
54;170;41;formation non sélective
54;120;35;formation non sélective
54;36;0;formation sélective
54;15;0;formation sélective
54;35;0;formation sélective
55;35;3;formation sélective
55;18;0;formation sélective
55;24;0;formation sélective
55;15;0;formation sélective
56;48;34;formation sélective
56;35;1;formation sélective
56;35;1;formation sélective
56;12;0;formation sélective
56;35;1;formation sélective
56;38;3;formation sélective
56;168;62;formation sélective
56;75;12;formation sélective
56;70;10;formation non sélective
56;200;41;formation non sélective
56;37;9;formation sélective
57;24;0;formation sélective
57;35;2;formation sélective
57;70;5;formation sélective
57;35;17;formation sélective
57;24;0;formation sélective
57;15;0;formation sélective
57;16;2;formation sélective
57;16;0;formation sélective
57;104;21;formation sélective
57;78;21;formation sélective
57;24;0;formation sélective
57;24;0;formation sélective
57;35;1;formation sélective
57;24;1;formation sélective
57;350;46;formation non sélective
57;370;140;formation non sélective
57;80;10;formation non sélective
57;92;18;formation non sélective
57;36;10;formation sélective
57;30;6;formation sélective
57;45;4;formation sélective
57;52;5;formation sélective
57;56;7;formation sélective
58;15;0;formation sélective
58;24;0;formation sélective
58;24;0;formation sélective
58;29;0;formation sélective
58;24;0;formation sélective
58;23;0;formation sélective
58;24;2;formation sélective
58;24;0;formation sélective
58;27;2;formation sélective
58;18;0;formation sélective
59;18;1;formation sélective
59;35;1;formation sélective
59;24;0;formation sélective
59;24;3;formation sélective
59;24;1;formation sélective
59;35;0;formation sélective
59;48;43;formation sélective
59;33;5;formation sélective
59;48;15;formation sélective
59;35;2;formation sélective
59;35;5;formation sélective
59;24;1;formation sélective
59;96;87;formation sélective
59;144;138;formation sélective
59;15;1;formation sélective
59;45;2;formation sélective
59;24;0;formation sélective
59;13;6;formation sélective
59;32;0;formation sélective
59;72;70;formation sélective
59;59;0;formation sélective
59;35;0;formation sélective
59;35;0;formation sélective
59;35;7;formation sélective
59;90;36;formation sélective
59;84;28;formation sélective
59;42;17;formation sélective
59;35;0;formation sélective
59;28;0;formation sélective
59;15;0;formation sélective
59;25;1;formation sélective
59;168;35;formation sélective
59;50;10;formation sélective
59;48;11;formation sélective
59;30;0;formation sélective
59;36;0;formation sélective
59;24;0;formation sélective
59;24;1;formation sélective
59;72;4;formation sélective
59;35;2;formation non sélective
59;35;9;formation non sélective
59;30;6;formation sélective
59;35;1;formation non sélective
59;370;115;formation non sélective
59;180;43;formation non sélective
59;84;26;formation sélective
59;80;12;formation sélective
59;33;0;formation sélective
59;75;26;formation non sélective
59;30;1;formation sélective
59;30;1;formation sélective
59;30;5;formation sélective
59;15;0;formation sélective
59;30;1;formation sélective
59;45;3;formation sélective
59;30;5;formation sélective
59;25;12;formation sélective
59;84;32;formation sélective
60;18;1;formation sélective
60;35;0;formation sélective
60;33;4;formation sélective
60;35;7;formation sélective
60;80;13;formation sélective
61;18;1;formation sélective
61;30;0;formation sélective
61;22;0;formation sélective
61;35;0;formation sélective
61;24;1;formation sélective
61;62;9;formation sélective
62;48;38;formation sélective
62;33;0;formation sélective
62;24;0;formation sélective
62;28;0;formation sélective
62;15;0;formation sélective
62;30;0;formation sélective
62;35;3;formation sélective
62;35;2;formation sélective
62;32;1;formation sélective
62;35;0;formation sélective
62;35;1;formation sélective
62;35;1;formation sélective
62;72;9;formation non sélective
62;70;0;formation sélective
62;34;1;formation sélective
62;48;2;formation sélective
62;26;0;formation sélective
62;45;4;formation sélective
62;35;0;formation sélective
62;16;1;formation sélective
62;40;1;formation sélective
62;78;21;formation sélective
62;36;1;formation sélective
62;17;1;formation sélective
62;48;18;formation sélective
62;48;24;formation sélective
62;35;1;formation sélective
62;52;11;formation sélective
62;38;0;formation sélective
62;35;4;formation sélective
62;100;46;formation non sélective
62;40;7;formation non sélective
62;35;1;formation sélective
62;108;35;formation non sélective
62;214;21;formation non sélective
62;28;7;formation non sélective
62;130;44;formation non sélective
62;67;21;formation non sélective
62;35;0;formation sélective
62;127;18;formation sélective
62;95;32;formation sélective
62;30;0;formation sélective
63;30;4;formation sélective
63;24;0;formation sélective
63;24;0;formation sélective
63;24;10;formation sélective
63;35;2;formation sélective
63;48;23;formation sélective
63;100;54;formation sélective
63;12;5;formation sélective
63;50;6;formation non sélective
63;15;11;formation sélective
63;20;9;formation sélective
63;40;5;formation non sélective
63;30;13;formation sélective
63;120;18;formation non sélective
63;25;11;formation sélective
63;100;19;formation non sélective
63;160;24;formation non sélective
63;30;0;formation sélective
64;30;0;formation sélective
64;30;0;formation sélective
64;13;7;formation sélective
64;15;0;formation sélective
64;96;62;formation sélective
64;24;1;formation sélective
64;10;0;formation sélective
64;36;0;formation sélective
64;35;1;formation sélective
64;80;21;formation non sélective
64;100;41;formation non sélective
64;35;1;formation sélective
64;16;2;formation sélective
64;300;157;formation non sélective
64;72;21;formation sélective
64;48;45;formation sélective
64;80;20;formation non sélective
65;36;17;formation sélective
65;24;7;formation sélective
65;35;4;formation sélective
65;24;0;formation sélective
65;24;0;formation sélective
65;30;1;formation sélective
65;19;0;formation sélective
66;48;32;formation sélective
66;15;0;formation sélective
66;24;1;formation sélective
66;16;0;formation sélective
66;80;22;formation non sélective
66;64;12;formation non sélective
66;80;17;formation non sélective
66;19;1;formation sélective
66;36;1;formation sélective
67;35;2;formation sélective
67;24;0;formation sélective
67;21;2;formation sélective
67;21;3;formation sélective
67;24;0;formation sélective
67;30;8;formation sélective
67;35;25;formation sélective
67;24;0;formation sélective
67;60;0;formation sélective
67;70;13;formation sélective
67;26;0;formation sélective
67;16;2;formation sélective
67;30;13;formation sélective
67;30;8;formation sélective
67;40;5;formation sélective
67;28;2;formation sélective
67;34;5;formation sélective
67;24;0;formation sélective
67;29;1;formation sélective
67;92;34;formation sélective
67;40;12;formation non sélective
67;160;33;formation non sélective
67;295;95;formation non sélective
67;50;3;formation non sélective
67;315;80;formation non sélective
67;105;12;formation non sélective
67;300;67;formation non sélective
67;40;20;formation sélective
67;125;30;formation non sélective
68;24;0;formation sélective
68;96;42;formation sélective
68;48;10;formation sélective
68;35;14;formation sélective
68;36;5;formation sélective
68;32;27;formation sélective
68;24;2;formation sélective
68;26;0;formation sélective
68;54;15;formation sélective
68;40;5;formation non sélective
68;28;7;formation sélective
68;15;0;formation sélective
69;46;42;formation sélective
69;30;2;formation sélective
69;35;2;formation sélective
69;36;1;formation sélective
69;15;0;formation sélective
69;30;0;formation sélective
69;35;1;formation sélective
69;25;3;formation sélective
69;40;17;formation sélective
69;12;0;formation sélective
69;15;0;formation sélective
69;48;44;formation sélective
69;40;0;formation sélective
69;100;7;formation sélective
69;28;9;formation sélective
69;26;1;formation sélective
69;36;35;formation sélective
69;30;0;formation sélective
69;34;0;formation sélective
69;36;1;formation sélective
69;32;1;formation sélective
69;36;27;formation sélective
69;35;2;formation sélective
69;35;1;formation sélective
69;32;6;formation sélective
69;20;0;formation sélective
69;20;1;formation sélective
69;33;3;formation sélective
69;30;26;formation sélective
69;224;94;formation sélective
69;36;3;formation non sélective
69;70;30;formation non sélective
69;5;2;formation sélective
69;5;2;formation sélective
69;5;1;formation sélective
69;5;3;formation sélective
69;5;5;formation sélective
69;24;1;formation sélective
69;24;5;formation sélective
69;26;0;formation sélective
69;28;0;formation sélective
69;24;0;formation sélective
69;78;12;formation sélective
69;84;26;formation sélective
70;24;1;formation sélective
70;10;0;formation sélective
70;24;0;formation sélective
71;36;0;formation sélective
71;15;1;formation sélective
71;24;0;formation sélective
71;24;2;formation sélective
71;12;1;formation sélective
71;2;0;formation sélective
71;24;1;formation sélective
71;72;19;formation sélective
71;74;6;formation sélective
71;63;7;formation non sélective
71;35;0;formation sélective
72;48;25;formation sélective
72;15;0;formation sélective
72;35;3;formation sélective
72;35;0;formation sélective
72;80;2;formation non sélective
72;140;60;formation non sélective
72;11;0;formation sélective
72;68;4;formation sélective
72;20;0;formation sélective
73;24;1;formation sélective
73;36;0;formation sélective
73;14;0;formation sélective
73;12;0;formation sélective
73;16;0;formation sélective
73;26;3;formation sélective
73;16;0;formation sélective
73;45;2;formation non sélective
73;35;35;formation non sélective
73;10;0;formation sélective
73;24;0;formation sélective
73;26;16;formation sélective
74;35;1;formation sélective
74;24;0;formation sélective
74;15;1;formation sélective
74;15;1;formation sélective
74;24;0;formation sélective
74;34;0;formation sélective
74;30;2;formation sélective
74;30;1;formation sélective
74;15;1;formation sélective
74;100;36;formation sélective
74;60;27;formation sélective
74;34;0;formation sélective
74;24;0;formation sélective
75;24;0;formation sélective
75;48;37;formation sélective
75;48;19;formation sélective
75;24;0;formation sélective
75;48;47;formation sélective
75;192;200;formation sélective
75;48;47;formation sélective
75;47;44;formation sélective
75;143;142;formation sélective
75;144;136;formation sélective
75;45;43;formation sélective
75;48;39;formation sélective
75;96;92;formation sélective
75;24;0;formation sélective
75;24;2;formation sélective
75;24;0;formation sélective
75;35;0;formation sélective
75;35;0;formation sélective
75;48;48;formation sélective
75;96;82;formation sélective
75;30;0;formation sélective
75;48;32;formation sélective
75;72;2;formation sélective
75;24;0;formation sélective
75;70;5;formation sélective
75;30;0;formation sélective
75;30;0;formation sélective
75;35;4;formation sélective
75;35;1;formation sélective
75;22;0;formation sélective
75;30;1;formation sélective
75;35;0;formation sélective
75;48;40;formation sélective
75;144;134;formation sélective
75;48;42;formation sélective
75;48;40;formation sélective
75;70;2;formation sélective
75;24;11;formation sélective
75;24;0;formation sélective
75;35;7;formation sélective
75;24;0;formation sélective
75;25;22;formation sélective
75;175;85;formation non sélective
75;630;346;formation non sélective
75;285;87;formation non sélective
75;750;524;formation non sélective
75;50;9;formation non sélective
75;20;3;formation non sélective
75;230;128;formation non sélective
75;70;1;formation non sélective
75;155;26;formation non sélective
75;135;43;formation non sélective
75;115;51;formation sélective
75;82;13;formation non sélective
75;64;15;formation non sélective
75;163;43;formation non sélective
75;165;76;formation sélective
75;65;36;formation sélective
75;35;0;formation sélective
75;10;0;formation non sélective
75;15;0;formation non sélective
75;150;32;formation non sélective
75;320;134;formation sélective
75;30;0;formation non sélective
75;10;0;formation non sélective
75;30;1;formation non sélective
75;30;2;formation non sélective
75;25;0;formation non sélective
75;20;1;formation non sélective
75;10;0;formation non sélective
75;90;7;formation non sélective
75;30;5;formation non sélective
75;30;0;formation non sélective
75;40;2;formation sélective
75;100;22;formation non sélective
75;120;7;formation non sélective
75;110;18;formation non sélective
75;94;94;formation sélective
75;138;138;formation sélective
75;39;33;formation sélective
75;32;0;formation sélective
75;40;0;formation sélective
75;40;2;formation sélective
75;70;1;formation sélective
75;35;0;formation sélective
75;36;0;formation sélective
75;36;1;formation sélective
75;36;1;formation sélective
75;33;1;formation sélective
75;168;68;formation sélective
75;28;10;formation sélective
75;18;0;formation sélective
75;30;2;formation sélective
76;35;4;formation sélective
76;35;0;formation sélective
76;15;0;formation sélective
76;15;0;formation sélective
76;35;3;formation sélective
76;48;14;formation sélective
76;35;0;formation sélective
76;30;1;formation sélective
76;15;1;formation sélective
76;35;1;formation sélective
76;35;8;formation sélective
76;30;1;formation sélective
76;27;6;formation sélective
76;78;12;formation sélective
76;15;2;formation sélective
76;52;11;formation sélective
76;50;18;formation sélective
76;56;12;formation sélective
76;20;10;formation sélective
76;20;18;formation sélective
76;35;2;formation sélective
76;40;6;formation non sélective
76;108;38;formation non sélective
76;10;0;formation sélective
76;35;2;formation sélective
76;15;0;formation sélective
76;15;0;formation sélective
76;20;7;formation sélective
76;36;0;formation sélective
77;35;0;formation sélective
77;24;1;formation sélective
77;32;9;formation sélective
77;35;0;formation sélective
77;35;0;formation sélective
77;24;0;formation sélective
77;28;0;formation sélective
77;35;35;formation sélective
77;46;14;formation sélective
77;60;3;formation sélective
77;22;0;formation sélective
77;35;1;formation sélective
77;13;1;formation sélective
77;13;0;formation sélective
77;13;2;formation sélective
77;24;0;formation sélective
77;24;0;formation sélective
77;35;1;formation sélective
77;24;3;formation sélective
77;35;0;formation sélective
77;24;6;formation sélective
77;24;0;formation sélective
77;34;0;formation sélective
77;35;5;formation sélective
77;35;2;formation sélective
77;35;0;formation sélective
77;24;1;formation sélective
77;24;3;formation sélective
77;33;0;formation sélective
77;84;34;formation sélective
77;51;7;formation sélective
77;105;47;formation sélective
77;70;50;formation sélective
77;70;30;formation non sélective
77;15;8;formation sélective
77;250;88;formation non sélective
78;35;1;formation sélective
78;35;0;formation sélective
78;24;0;formation sélective
78;270;77;formation non sélective
78;58;19;formation sélective
78;160;32;formation non sélective
78;52;15;formation sélective
78;56;7;formation sélective
78;33;19;formation sélective
78;24;0;formation sélective
78;30;0;formation sélective
78;48;47;formation sélective
78;26;0;formation sélective
78;26;0;formation sélective
78;35;4;formation sélective
78;60;2;formation sélective
78;35;1;formation sélective
78;42;41;formation sélective
78;40;0;formation sélective
79;18;0;formation sélective
79;18;0;formation sélective
79;29;2;formation sélective
79;60;18;formation sélective
79;12;0;formation sélective
79;24;1;formation sélective
80;96;85;formation sélective
80;18;1;formation sélective
80;35;1;formation sélective
80;35;3;formation sélective
80;156;67;formation sélective
80;181;57;formation sélective
80;16;0;formation sélective
80;15;1;formation sélective
80;36;13;formation non sélective
80;82;20;formation non sélective
80;53;0;formation sélective
80;42;0;formation sélective
80;23;0;formation sélective
80;24;1;formation sélective
80;15;0;formation sélective
80;35;5;formation sélective
81;30;0;formation sélective
81;24;0;formation sélective
81;35;2;formation sélective
81;48;39;formation sélective
81;36;2;formation sélective
81;24;26;formation sélective
81;24;0;formation sélective
81;74;36;formation sélective
81;100;32;formation non sélective
81;80;34;formation non sélective
81;90;11;formation non sélective
81;15;0;formation sélective
82;17;0;formation sélective
83;27;0;formation sélective
83;59;5;formation sélective
83;164;65;formation sélective
83;140;16;formation non sélective
83;90;11;formation non sélective
83;4;0;formation sélective
83;32;6;formation sélective
83;35;5;formation sélective
83;81;25;formation sélective
83;36;0;formation sélective
83;13;0;formation sélective
83;21;0;formation sélective
83;18;0;formation sélective
84;25;25;formation sélective
84;36;1;formation sélective
84;32;2;formation sélective
84;38;0;formation sélective
84;28;1;formation sélective
84;17;1;formation sélective
84;17;0;formation sélective
84;40;0;formation sélective
84;44;6;formation sélective
84;145;29;formation non sélective
84;120;13;formation non sélective
84;110;78;formation sélective
84;130;30;formation non sélective
84;100;7;formation non sélective
84;16;2;formation sélective
85;35;0;formation sélective
85;18;4;formation sélective
85;18;3;formation sélective
85;34;5;formation sélective
85;18;0;formation sélective
85;13;0;formation sélective
85;8;5;formation sélective
85;8;1;formation sélective
85;15;0;formation sélective
85;40;3;formation non sélective
85;50;9;formation non sélective
85;60;26;formation non sélective
85;29;13;formation sélective
86;10;0;formation sélective
86;35;1;formation sélective
86;48;48;formation sélective
86;96;66;formation sélective
86;75;17;formation sélective
86;12;0;formation sélective
86;30;2;formation sélective
86;32;1;formation sélective
87;35;0;formation sélective
87;35;2;formation sélective
87;24;4;formation sélective
87;30;29;formation sélective
87;26;1;formation sélective
87;24;0;formation sélective
87;72;49;formation sélective
87;48;15;formation sélective
87;32;3;formation sélective
87;75;17;formation non sélective
87;25;6;formation non sélective
87;150;58;formation non sélective
87;12;3;formation sélective
88;35;0;formation sélective
88;24;0;formation sélective
88;24;2;formation sélective
88;15;0;formation sélective
88;24;1;formation sélective
88;15;1;formation sélective
88;19;3;formation sélective
88;30;0;formation sélective
89;15;1;formation sélective
89;27;3;formation sélective
89;18;0;formation sélective
90;18;0;formation sélective
90;40;0;formation sélective
90;24;0;formation sélective
90;70;18;formation sélective
91;30;0;formation sélective
91;28;0;formation sélective
91;34;1;formation sélective
91;38;5;formation sélective
91;28;0;formation sélective
91;48;47;formation sélective
91;44;43;formation sélective
91;32;0;formation sélective
91;30;1;formation sélective
91;30;0;formation sélective
91;34;0;formation sélective
91;35;2;formation sélective
91;35;1;formation sélective
91;30;1;formation sélective
91;30;0;formation sélective
91;120;38;formation sélective
91;65;57;formation non sélective
91;30;1;formation sélective
91;96;10;formation sélective
91;26;0;formation sélective
91;170;48;formation non sélective
91;155;33;formation non sélective
91;20;1;formation sélective
91;39;10;formation sélective
92;38;36;formation sélective
92;12;4;formation sélective
92;28;0;formation sélective
92;36;0;formation sélective
92;90;89;formation sélective
92;30;2;formation sélective
92;47;45;formation sélective
92;96;86;formation sélective
92;48;48;formation sélective
92;35;1;formation sélective
92;48;46;formation sélective
92;38;0;formation sélective
92;48;47;formation sélective
92;38;41;formation sélective
92;16;0;formation sélective
92;85;21;formation sélective
92;115;104;formation sélective
92;430;131;formation non sélective
92;80;23;formation sélective
92;127;23;formation non sélective
92;170;75;formation non sélective
92;33;1;formation sélective
92;355;256;formation non sélective
92;20;19;formation sélective
92;37;3;formation sélective
92;30;0;formation sélective
92;36;0;formation sélective
92;47;18;formation sélective
93;15;8;formation sélective
93;28;0;formation sélective
93;35;1;formation sélective
93;32;1;formation sélective
93;22;0;formation sélective
93;35;16;formation sélective
93;24;0;formation sélective
93;24;2;formation sélective
93;35;17;formation sélective
93;52;7;formation sélective
93;186;55;formation sélective
93;25;0;formation sélective
93;170;39;formation non sélective
93;120;21;formation non sélective
93;25;6;formation non sélective
93;36;1;formation sélective
93;13;0;formation sélective
93;300;107;formation non sélective
93;35;0;formation sélective
93;35;27;formation sélective
93;12;1;formation sélective
93;88;24;formation sélective
93;48;7;formation sélective
93;28;2;formation sélective
94;45;43;formation sélective
94;24;0;formation sélective
94;35;0;formation sélective
94;32;1;formation sélective
94;96;96;formation sélective
94;144;118;formation sélective
94;35;2;formation sélective
94;34;2;formation sélective
94;24;1;formation sélective
94;15;0;formation sélective
94;24;2;formation sélective
94;35;0;formation sélective
94;42;10;formation sélective
94;28;0;formation sélective
94;18;1;formation sélective
94;34;0;formation sélective
94;34;0;formation sélective
94;16;1;formation sélective
94;206;54;formation non sélective
94;800;332;formation non sélective
94;50;13;formation non sélective
94;33;4;formation sélective
94;33;9;formation sélective
94;26;9;formation sélective
94;12;0;formation sélective
94;24;5;formation sélective
94;33;0;formation sélective
94;32;1;formation sélective
94;34;1;formation sélective
94;20;0;formation sélective
94;78;35;formation sélective
95;29;0;formation sélective
95;28;0;formation sélective
95;40;23;formation sélective
95;24;1;formation sélective
95;30;0;formation sélective
95;34;2;formation sélective
95;35;1;formation sélective
95;35;1;formation sélective
95;35;0;formation sélective
95;24;0;formation sélective
95;24;0;formation sélective
95;28;0;formation sélective
95;35;1;formation sélective
95;53;2;formation sélective
95;105;36;formation sélective
95;96;18;formation sélective
95;30;1;formation sélective
95;25;14;formation sélective
95;65;31;formation sélective
95;35;2;formation sélective
95;56;11;formation sélective
20;15;1;formation sélective
20;24;4;formation sélective
20;30;0;formation sélective
20;24;2;formation sélective
20;16;2;formation sélective
20;50;3;formation sélective
20;12;1;formation sélective
20;30;2;formation non sélective
971;28;0;formation sélective
971;45;36;formation sélective
971;45;25;formation sélective
972;30;4;formation sélective
972;45;24;formation sélective
972;12;2;formation sélective
972;26;0;formation sélective
972;24;2;formation sélective
972;24;0;formation sélective
972;28;0;formation sélective
972;28;2;formation sélective
972;16;0;formation sélective
972;80;2;formation sélective
972;30;0;formation sélective
972;24;0;formation sélective
972;30;0;formation sélective
973;24;2;formation sélective
973;24;4;formation sélective
973;60;0;formation non sélective
974;48;41;formation sélective
974;48;47;formation sélective
974;35;5;formation sélective
974;42;40;formation sélective
974;35;2;formation sélective
974;24;2;formation sélective
974;30;0;formation sélective
974;24;0;formation sélective
974;650;147;formation non sélective
974;60;9;formation sélective
974;24;1;formation sélective
974;24;0;formation sélective
974;35;19;formation sélective
974;25;8;formation sélective
974;25;9;formation sélective
974;14;0;formation sélective
974;120;4;formation non sélective
974;10;0;formation sélective
974;18;0;formation sélective
987;52;0;formation sélective
987;200;13;formation non sélective
987;80;16;formation non sélective
987;26;1;formation sélective
45;70;16;formation sélective
71;25;4;formation sélective
1;40;1;formation sélective
19;40;5;formation sélective
65;40;4;formation sélective
20;24;0;formation sélective
69;96;26;formation sélective
31;28;24;formation sélective
88;24;0;formation sélective
38;20;2;formation non sélective
34;72;0;formation sélective
34;70;61;formation non sélective
59;157;150;formation sélective
75;25;8;formation sélective
59;95;92;formation sélective
75;10;4;formation sélective
13;295;79;formation non sélective
13;335;51;formation non sélective
13;36;21;formation sélective
59;100;0;formation non sélective
59;240;18;formation non sélective
30;30;4;formation sélective
80;15;1;formation sélective
60;13;1;formation sélective
13;70;18;formation non sélective
44;7;2;formation sélective
91;20;17;formation sélective
91;15;6;formation sélective
21;85;35;formation non sélective
972;30;0;formation sélective
45;24;2;formation sélective
32;12;0;formation sélective
63;28;0;formation sélective
92;16;0;formation sélective
95;12;0;formation sélective
68;15;11;formation sélective
13;16;1;formation sélective
75;15;0;formation sélective
973;19;0;formation sélective
20;12;0;formation sélective
83;25;0;formation sélective
972;38;3;formation sélective
29;32;2;formation sélective
29;125;7;formation non sélective
59;20;2;formation sélective
69;35;3;formation sélective
976;35;1;formation sélective
80;100;75;formation non sélective
976;24;0;formation sélective
976;12;0;formation sélective
33;12;2;formation sélective
75;37;30;formation sélective
84;220;54;formation non sélective
976;120;18;formation non sélective
12;16;0;formation sélective
976;80;15;formation non sélective
976;80;13;formation non sélective
20;100;15;formation non sélective
54;120;43;formation non sélective
57;80;22;formation non sélective
75;60;9;formation sélective
75;10;2;formation sélective
44;30;0;formation sélective
972;30;2;formation sélective
59;48;14;formation sélective
67;30;17;formation sélective
74;15;1;formation sélective
34;33;1;formation sélective
67;50;4;formation non sélective
77;12;0;formation sélective
34;15;0;formation sélective
7;15;1;formation sélective
91;30;13;formation sélective
49;24;3;formation sélective
44;15;0;formation sélective
85;24;0;formation sélective
59;48;25;formation sélective
34;48;21;formation sélective
78;36;0;formation sélective
94;90;54;formation sélective
94;35;19;formation sélective
82;24;0;formation sélective
51;18;0;formation sélective
51;30;0;formation sélective
30;20;0;formation sélective
59;80;21;formation non sélective
80;53;6;formation sélective
57;18;0;formation sélective
17;35;21;formation sélective
77;25;0;formation sélective
21;6;0;formation sélective
94;26;0;formation sélective
24;22;0;formation sélective
43;16;2;formation sélective
66;32;6;formation sélective
18;28;5;formation sélective
69;24;2;formation sélective
21;6;0;formation sélective
75;35;0;formation sélective
33;15;0;formation sélective
59;35;1;formation sélective
87;24;0;formation sélective
92;130;115;formation non sélective
44;17;16;formation sélective
34;40;36;formation sélective
21;150;82;formation non sélective
25;15;9;formation sélective
51;436;136;formation non sélective
92;35;8;formation non sélective
93;55;4;formation non sélective
25;18;4;formation sélective
54;15;0;formation sélective
76;216;44;formation non sélective
6;720;376;formation non sélective
25;90;31;formation non sélective
987;18;1;formation sélective
93;315;93;formation non sélective
93;215;14;formation non sélective
93;125;97;formation non sélective
93;95;7;formation non sélective
93;70;27;formation non sélective
67;70;0;formation sélective
49;15;3;formation sélective
17;15;11;formation sélective
59;500;107;formation non sélective
75;10;3;formation sélective
31;45;38;formation sélective
49;20;8;formation sélective
974;17;0;formation sélective
75;15;0;formation sélective
59;360;97;formation non sélective
59;55;8;formation non sélective
59;55;7;formation non sélective
76;70;8;formation non sélective
59;72;30;formation non sélective
85;44;5;formation sélective
28;24;0;formation sélective
974;24;0;formation sélective
44;18;0;formation sélective
49;18;1;formation sélective
974;28;0;formation sélective
86;36;0;formation sélective
59;200;82;formation non sélective
91;14;0;formation sélective
67;40;0;formation sélective
9;12;0;formation sélective
31;22;1;formation sélective
6;15;0;formation sélective
13;14;0;formation sélective
67;12;1;formation sélective
68;12;0;formation sélective
42;14;1;formation sélective
69;72;59;formation sélective
67;50;6;formation sélective
78;28;1;formation sélective
31;24;5;formation sélective
57;15;2;formation sélective
75;30;0;formation sélective
51;27;4;formation sélective
19;10;0;formation sélective
62;30;5;formation sélective
26;46;1;formation sélective
26;32;1;formation sélective
92;15;15;formation sélective
971;25;1;formation sélective
973;16;1;formation sélective
89;52;16;formation sélective
57;5;0;formation sélective
34;8;0;formation sélective
93;65;8;formation non sélective
93;50;11;formation non sélective
75;30;23;formation sélective
33;15;0;formation sélective
85;15;1;formation sélective
77;60;22;formation sélective
81;22;1;formation sélective
75;22;2;formation non sélective
49;20;8;formation non sélective
22;45;5;formation non sélective
44;115;42;formation non sélective
35;10;2;formation sélective
37;14;0;formation sélective
59;32;0;formation sélective
38;25;9;formation non sélective
93;40;12;formation sélective
76;9;1;formation sélective
76;6;2;formation sélective
45;25;0;formation sélective
45;19;0;formation sélective
82;18;0;formation sélective
12;12;1;formation sélective
67;40;23;formation sélective
78;14;0;formation sélective
91;32;0;formation sélective
95;15;0;formation sélective
62;30;0;formation sélective
19;16;0;formation sélective
24;24;0;formation sélective
22;14;1;formation sélective
70;12;0;formation sélective
59;15;0;formation sélective
26;12;0;formation sélective
62;36;3;formation sélective
93;32;1;formation sélective
974;15;0;formation sélective
76;10;0;formation sélective
29;12;0;formation sélective
84;64;9;formation non sélective
75;50;40;formation non sélective
33;80;33;formation non sélective
33;25;24;formation sélective
95;38;0;formation sélective
72;11;1;formation sélective
54;24;0;formation sélective
73;18;4;formation non sélective
73;15;8;formation sélective
73;15;8;formation sélective
38;10;2;formation sélective
67;14;4;formation sélective
13;30;14;formation sélective
6;35;18;formation sélective
44;10;0;formation sélective
33;25;13;formation sélective
30;24;16;formation sélective
75;350;20;formation sélective
37;22;0;formation sélective
22;18;1;formation sélective
987;10;0;formation sélective
38;14;0;formation sélective
10;84;16;formation sélective
61;6;0;formation sélective
93;14;8;formation sélective
31;13;5;formation sélective
1;13;0;formation sélective
67;30;0;formation sélective
30;18;3;formation sélective
75;24;0;formation sélective
68;20;0;formation sélective
85;25;2;formation sélective
42;15;0;formation sélective
987;26;15;formation sélective
974;10;0;formation sélective
974;15;0;formation sélective
90;10;1;formation sélective
987;17;1;formation sélective
92;76;20;formation non sélective
35;40;3;formation non sélective
38;15;2;formation sélective
33;110;58;formation non sélective
44;95;37;formation non sélective
14;90;15;formation non sélective
38;32;17;formation sélective
38;32;25;formation sélective
35;200;68;formation non sélective
40;15;1;formation sélective
35;255;67;formation non sélective
30;12;0;formation sélective
37;33;6;formation sélective
54;50;20;formation sélective
69;69;11;formation sélective
38;33;3;formation sélective
75;20;4;formation non sélective
972;50;6;formation non sélective
21;30;6;formation sélective
14;25;1;formation non sélective
14;25;5;formation non sélective
971;80;15;formation non sélective
78;70;58;formation non sélective
14;50;1;formation non sélective
21;10;2;formation sélective
29;4;1;formation sélective
987;20;14;formation sélective
40;6;0;formation sélective
89;9;0;formation sélective
78;30;0;formation sélective
59;24;1;formation sélective
56;12;0;formation sélective
59;36;1;formation sélective
35;15;1;formation sélective
67;20;6;formation sélective
50;15;1;formation sélective
978;18;0;formation sélective
971;15;0;formation sélective
41;18;1;formation sélective
37;19;1;formation sélective
11;30;1;formation sélective
60;28;3;formation sélective
80;35;2;formation sélective
77;24;0;formation sélective
54;15;0;formation sélective
59;10;0;formation sélective
63;6;0;formation sélective
34;32;0;formation sélective
13;15;0;formation sélective
26;24;2;formation sélective
31;23;0;formation sélective
32;12;0;formation sélective
77;24;0;formation sélective
14;25;1;formation non sélective
69;12;0;formation sélective
972;20;0;formation sélective
93;22;0;formation sélective
13;15;0;formation sélective
93;24;0;formation sélective
65;12;0;formation sélective
73;15;3;formation sélective
67;11;0;formation sélective
45;48;0;formation sélective
83;70;10;formation non sélective
30;15;0;formation sélective
6;100;10;formation non sélective
6;90;19;formation non sélective
6;455;125;formation non sélective
6;35;9;formation sélective
6;35;7;formation sélective
93;30;0;formation sélective
13;50;39;formation non sélective
13;20;3;formation non sélective
37;90;3;formation sélective
83;15;0;formation sélective
91;32;1;formation sélective
91;18;0;formation sélective
974;56;22;formation sélective
92;28;1;formation sélective
25;12;0;formation sélective
31;50;19;formation non sélective
51;35;3;formation non sélective
68;40;3;formation non sélective
68;10;0;formation non sélective
87;25;13;formation non sélective
87;32;1;formation non sélective
13;516;74;formation non sélective
86;240;127;formation non sélective
43;18;0;formation sélective
27;12;0;formation sélective
19;24;13;formation sélective
38;2000;2;formation sélective
38;1600;3;formation sélective
38;800;0;formation sélective
72;30;11;formation sélective
86;1500;12;formation sélective
59;170;149;formation non sélective
92;130;9;formation non sélective
93;34;0;formation sélective
59;910;479;formation non sélective
17;35;4;formation sélective
20;50;0;formation non sélective
68;10;1;formation non sélective
67;24;1;formation sélective
86;15;7;formation sélective
86;15;7;formation sélective
973;50;12;formation non sélective
973;90;19;formation non sélective
25;12;0;formation sélective
29;50;22;formation non sélective
30;68;16;formation non sélective
32;18;0;formation sélective
81;24;0;formation sélective
16;25;4;formation sélective
22;27;1;formation sélective
62;15;1;formation sélective
75;12;0;formation sélective
83;24;0;formation sélective
971;28;1;formation sélective
49;22;0;formation sélective
51;4;1;formation sélective
67;4;0;formation sélective
67;2;0;formation sélective
59;12;0;formation sélective
44;4;1;formation sélective
92;4;0;formation sélective
18;10;0;formation sélective
34;15;0;formation sélective
73;28;7;formation sélective
33;40;21;formation non sélective
67;15;0;formation sélective
67;15;0;formation sélective
21;24;7;formation sélective
69;28;1;formation sélective
34;15;4;formation sélective
25;8;5;formation sélective
39;17;3;formation sélective
69;15;4;formation sélective
22;15;9;formation sélective
35;30;12;formation sélective
3;15;3;formation sélective
15;18;8;formation sélective
15;18;5;formation sélective
71;15;1;formation sélective
31;15;3;formation sélective
31;15;2;formation sélective
46;16;4;formation sélective
31;12;0;formation sélective
81;16;4;formation sélective
48;15;0;formation sélective
42;15;7;formation sélective
23;15;4;formation sélective
75;14;4;formation sélective
75;16;7;formation sélective
75;18;5;formation sélective
75;15;7;formation sélective
75;15;9;formation sélective
75;16;3;formation sélective
75;15;9;formation sélective
8;15;0;formation sélective
7;7;0;formation sélective
77;15;4;formation sélective
77;15;1;formation sélective
93;16;3;formation sélective
94;23;8;formation sélective
94;12;2;formation sélective
94;12;2;formation sélective
75;12;4;formation sélective
75;12;5;formation sélective
75;12;4;formation sélective
75;24;7;formation sélective
75;15;5;formation sélective
69;17;5;formation sélective
34;15;4;formation sélective
25;15;3;formation sélective
93;14;0;formation sélective
83;3;1;formation sélective
83;6;2;formation sélective
49;25;3;formation sélective
64;50;33;formation non sélective
16;22;0;formation sélective
28;15;1;formation sélective
1;34;1;formation sélective
78;12;0;formation sélective
42;20;1;formation sélective
75;24;0;formation sélective
57;60;9;formation sélective
6;180;53;formation non sélective
6;90;8;formation non sélective
6;90;3;formation non sélective
974;10;1;formation sélective
974;10;1;formation sélective
14;110;76;formation sélective
14;5;0;formation sélective
33;70;44;formation sélective
94;5;0;formation sélective
59;5;0;formation sélective
2;2;0;formation sélective
33;2;0;formation sélective
75;110;8;formation sélective
973;15;0;formation sélective
13;12;2;formation sélective
13;36;5;formation sélective
49;49;4;formation sélective
49;128;27;formation sélective
53;84;6;formation sélective
94;218;16;formation sélective
2;86;11;formation sélective
2;147;17;formation sélective
21;46;2;formation sélective
25;139;24;formation sélective
25;36;7;formation sélective
39;64;4;formation sélective
7;50;1;formation sélective
38;173;34;formation sélective
38;71;2;formation sélective
74;65;5;formation sélective
62;93;10;formation sélective
62;97;13;formation sélective
62;97;19;formation sélective
59;165;27;formation sélective
59;118;15;formation sélective
59;122;10;formation sélective
23;61;0;formation sélective
38;73;6;formation sélective
69;198;38;formation sélective
69;70;2;formation sélective
69;149;19;formation sélective
69;55;6;formation sélective
69;111;16;formation sélective
69;134;23;formation sélective
11;62;10;formation sélective
30;72;11;formation sélective
34;51;9;formation sélective
57;73;12;formation sélective
88;49;5;formation sélective
44;60;11;formation sélective
44;73;14;formation sélective
85;197;49;formation sélective
16;147;20;formation sélective
17;41;6;formation sélective
79;75;5;formation sélective
76;86;13;formation sélective
76;158;29;formation sélective
7;64;9;formation sélective
42;79;14;formation sélective
42;107;26;formation sélective
67;70;17;formation sélective
68;45;5;formation sélective
81;100;28;formation sélective
82;71;7;formation sélective
18;100;5;formation sélective
45;63;6;formation sélective
45;124;15;formation sélective
77;51;1;formation sélective
94;62;2;formation sélective
94;191;1;formation sélective
95;155;1;formation sélective
78;74;9;formation sélective
63;315;115;formation non sélective
86;150;33;formation non sélective
974;15;0;formation sélective
75;43;29;formation non sélective
35;40;9;formation non sélective
56;12;4;formation sélective
35;138;48;formation sélective
56;85;10;formation sélective
29;88;11;formation sélective
45;480;56;formation non sélective
45;55;24;formation non sélective
973;12;0;formation sélective
973;12;2;formation sélective
973;12;1;formation sélective
75;17;0;formation sélective
973;12;2;formation sélective
63;10;0;formation sélective
63;30;2;formation sélective
3;45;40;formation non sélective
75;26;1;formation sélective
62;46;5;formation sélective
44;37;2;formation sélective
85;15;0;formation sélective
34;2;1;formation sélective
31;37;7;formation sélective
86;55;21;formation non sélective
86;40;8;formation non sélective
82;40;3;formation sélective
13;28;4;formation sélective
77;15;3;formation sélective
21;50;8;formation sélective
75;51;8;formation sélective
75;28;4;formation sélective
75;52;2;formation sélective
16;12;3;formation sélective
31;34;2;formation sélective
72;175;29;formation non sélective
75;15;6;formation non sélective
75;10;2;formation non sélective
57;24;11;formation sélective
94;58;32;formation non sélective
57;45;3;formation non sélective
87;15;0;formation sélective
69;20;0;formation sélective
24;85;14;formation sélective
40;75;10;formation sélective
47;56;9;formation sélective
64;84;24;formation sélective
81;12;12;formation non sélective
31;30;3;formation non sélective
69;26;3;formation sélective
13;35;18;formation non sélective
13;20;8;formation non sélective
75;50;27;formation non sélective
75;20;6;formation non sélective
75;9;3;formation non sélective
75;6;2;formation non sélective
13;80;50;formation non sélective
37;35;13;formation non sélective
37;170;72;formation non sélective
75;8;2;formation non sélective
75;5;2;formation non sélective
94;78;28;formation non sélective
13;8;2;formation sélective
45;80;15;formation non sélective
75;120;9;formation non sélective
75;152;44;formation non sélective
45;40;9;formation non sélective
45;100;6;formation non sélective
974;12;0;formation sélective
17;15;4;formation sélective
54;10;1;formation sélective
44;15;1;formation sélective
72;15;3;formation sélective
85;15;3;formation sélective
85;15;7;formation sélective
79;15;0;formation sélective
33;25;6;formation sélective
33;25;13;formation sélective
76;16;3;formation sélective
26;30;0;formation sélective
76;18;5;formation sélective
75;30;17;formation non sélective
44;30;8;formation sélective
59;105;20;formation non sélective
18;15;4;formation sélective
6;15;2;formation sélective
6;15;6;formation sélective
75;16;7;formation sélective
38;15;4;formation sélective
94;70;2;formation non sélective
37;15;7;formation sélective
59;105;84;formation sélective
59;15;13;formation sélective
53;30;4;formation non sélective
63;15;8;formation sélective
42;116;114;formation sélective
69;170;33;formation sélective
59;72;47;formation sélective
77;36;7;formation sélective
44;96;81;formation sélective
69;200;55;formation sélective
77;12;0;formation sélective
59;16;10;formation sélective
59;16;4;formation sélective
67;10;10;formation sélective
42;15;0;formation sélective
69;15;0;formation sélective
53;9;0;formation sélective
44;15;0;formation sélective
49;15;0;formation sélective
24;40;5;formation sélective
25;30;3;formation sélective
25;48;1;formation sélective
93;28;8;formation sélective
30;50;2;formation sélective
33;6;2;formation sélective
34;23;3;formation sélective
37;15;0;formation sélective
37;45;8;formation sélective
974;18;3;formation sélective
42;31;1;formation sélective
95;50;5;formation sélective
47;37;2;formation sélective
51;11;1;formation sélective
54;24;6;formation sélective
54;59;7;formation sélective
91;90;3;formation sélective
86;30;3;formation sélective
86;55;5;formation sélective
61;9;1;formation sélective
84;19;1;formation sélective
3;20;0;formation sélective
64;15;0;formation sélective
77;23;0;formation sélective
22;15;0;formation sélective
76;40;6;formation sélective
64;68;3;formation sélective
75;120;5;formation sélective
68;26;3;formation sélective
63;6;0;formation sélective
59;20;0;formation sélective
59;20;3;formation sélective
62;18;5;formation sélective
62;18;9;formation sélective
75;15;5;formation sélective
58;10;0;formation sélective
95;24;0;formation sélective
83;12;0;formation sélective
78;32;0;formation sélective
78;29;3;formation sélective
83;24;5;formation sélective
80;15;7;formation sélective
2;12;0;formation sélective
59;30;0;formation sélective
59;30;2;formation sélective
95;12;1;formation sélective
69;10;0;formation sélective
13;52;32;formation sélective
17;42;12;formation sélective
51;36;19;formation sélective
54;75;27;formation sélective
59;14;1;formation sélective
973;14;0;formation sélective
71;16;10;formation non sélective
31;18;2;formation sélective
1;20;1;formation sélective
76;96;17;formation sélective
50;66;10;formation sélective
76;80;10;formation sélective
70;12;0;formation sélective
59;32;3;formation sélective
99;25;12;formation sélective
93;37;1;formation sélective
31;42;2;formation sélective
37;20;2;formation sélective
75;50;2;formation non sélective
57;24;1;formation sélective
80;130;19;formation non sélective
13;15;2;formation sélective
69;120;38;formation sélective
35;24;0;formation sélective
41;15;0;formation sélective
972;35;0;formation sélective
56;10;0;formation sélective
987;22;0;formation sélective
987;24;0;formation sélective
987;24;0;formation sélective
987;26;0;formation sélective
99;75;70;formation sélective
75;5;6;formation sélective
13;15;10;formation sélective
83;5;0;formation sélective
34;36;7;formation sélective
69;180;137;formation sélective
69;4;0;formation sélective
33;5;5;formation sélective
94;35;12;formation sélective
37;6;1;formation sélective
86;17;3;formation sélective
69;220;61;formation sélective
78;25;13;formation sélective
49;55;56;formation sélective
76;20;6;formation sélective
27;34;2;formation sélective
14;200;52;formation sélective
92;300;223;formation sélective
75;60;25;formation sélective
6;60;19;formation sélective
51;100;61;formation sélective
92;80;44;formation sélective
95;260;252;formation sélective
80;14;1;formation sélective
59;50;10;formation sélective
75;15;2;formation sélective
75;110;17;formation sélective
92;135;60;formation sélective
61;41;8;formation sélective
67;175;87;formation sélective
84;45;3;formation sélective
20;25;2;formation sélective
13;180;63;formation sélective
75;120;38;formation sélective
59;10;0;formation non sélective
59;15;0;formation sélective
69;30;18;formation sélective
76;434;179;formation non sélective
59;50;10;formation non sélective
74;15;6;formation sélective
63;30;17;formation sélective
86;25;7;formation sélective
976;27;0;formation sélective
29;80;41;formation non sélective
974;500;124;formation non sélective
75;25;1;formation non sélective
35;50;8;formation non sélective
18;24;2;formation sélective
35;40;2;formation non sélective
34;15;0;formation sélective
38;30;9;formation non sélective
77;4;0;formation sélective
56;25;4;formation non sélective
6;17;0;formation sélective
6;14;3;formation sélective
76;36;6;formation non sélective
76;72;28;formation non sélective
93;58;6;formation sélective
972;50;18;formation non sélective
972;21;16;formation non sélective
972;21;3;formation non sélective
972;50;20;formation non sélective
33;50;49;formation non sélective
75;12;3;formation sélective
972;9;3;formation non sélective
75;4;3;formation sélective
33;50;47;formation non sélective
72;2;0;formation non sélective
72;30;17;formation non sélective
13;27;3;formation sélective
62;20;2;formation sélective
57;18;3;formation non sélective
72;3;1;formation non sélective
44;120;102;formation non sélective
62;14;1;formation sélective
91;130;53;formation non sélective
69;30;26;formation sélective
69;70;11;formation non sélective
92;20;12;formation sélective
24;30;3;formation non sélective
78;120;13;formation sélective
59;320;323;formation non sélective
75;25;22;formation sélective
6;180;158;formation non sélective
93;30;18;formation non sélective
92;35;10;formation sélective
25;18;0;formation non sélective
17;20;8;formation sélective
25;95;92;formation non sélective
20;140;97;formation non sélective
971;45;20;formation non sélective
92;10;6;formation sélective
974;150;8;formation non sélective
974;360;64;formation non sélective
6;110;61;formation non sélective
85;40;15;formation sélective
85;40;12;formation sélective
54;950;895;formation non sélective
63;40;16;formation non sélective
31;72;48;formation non sélective
63;150;17;formation non sélective
974;90;48;formation non sélective
974;90;38;formation non sélective
974;140;131;formation non sélective
29;45;21;formation non sélective
22;30;14;formation non sélective
21;30;7;formation non sélective
37;60;57;formation non sélective
21;144;86;formation non sélective
21;48;47;formation non sélective
14;40;27;formation non sélective
14;40;15;formation non sélective
14;110;33;formation non sélective
14;40;24;formation non sélective
14;240;196;formation non sélective
29;25;6;formation non sélective
49;140;42;formation non sélective
49;10;2;formation non sélective
973;20;6;formation non sélective
31;31;23;formation sélective
60;25;24;formation sélective
45;20;9;formation non sélective
47;40;11;formation non sélective
37;80;46;formation non sélective
42;36;31;formation non sélective
42;74;64;formation non sélective
62;72;23;formation non sélective
91;30;13;formation non sélective
5;10;8;formation non sélective
44;36;30;formation non sélective
44;90;84;formation non sélective
29;10;7;formation non sélective
44;45;35;formation sélective
37;50;41;formation sélective
35;25;21;formation sélective
29;30;23;formation sélective
54;20;5;formation sélective
75;55;11;formation sélective
34;30;10;formation sélective
93;70;5;formation non sélective
11;20;3;formation non sélective
66;20;6;formation non sélective
42;52;9;formation sélective
93;32;9;formation non sélective
47;110;21;formation non sélective
93;27;1;formation non sélective
93;27;0;formation non sélective
76;35;20;formation sélective
14;35;20;formation sélective
94;40;13;formation non sélective
974;50;3;formation non sélective
49;2;1;formation non sélective
93;3;0;formation sélective
6;12;0;formation sélective
93;15;3;formation non sélective
93;60;45;formation non sélective
93;20;1;formation non sélective
91;30;15;formation non sélective
76;90;64;formation non sélective
1;20;4;formation non sélective
13;20;5;formation non sélective
13;60;5;formation non sélective
22;56;13;formation sélective
80;30;34;formation non sélective
78;123;41;formation non sélective
80;36;20;formation non sélective
80;18;0;formation non sélective
93;60;50;formation non sélective
93;15;14;formation non sélective
93;30;26;formation non sélective
93;60;50;formation non sélective
75;100;67;formation sélective
69;100;59;formation sélective
86;40;33;formation non sélective
86;30;29;formation non sélective
29;160;45;formation non sélective
6;180;121;formation non sélective
976;16;8;formation non sélective
59;15;1;formation sélective
75;20;12;formation non sélective
29;20;3;formation non sélective
80;30;19;formation non sélective
92;35;6;formation non sélective
92;35;13;formation non sélective
91;50;39;formation sélective
49;5;2;formation non sélective
971;20;0;formation sélective
84;27;1;formation sélective
49;5;1;formation non sélective
69;25;0;formation sélective
35;30;25;formation non sélective
93;10;9;formation non sélective
17;5;1;formation sélective
93;30;25;formation non sélective
59;50;61;formation sélective
971;30;5;formation non sélective
34;10;9;formation non sélective
49;35;3;formation sélective
62;80;26;formation non sélective
75;25;10;formation sélective
44;9;2;formation sélective
59;30;9;formation sélective
78;180;121;formation non sélective
75;35;10;formation sélective
78;30;23;formation non sélective
59;70;38;formation non sélective
59;105;74;formation non sélective
67;160;88;formation non sélective
67;120;93;formation non sélective
67;120;115;formation non sélective
67;80;22;formation non sélective
6;20;0;formation sélective
6;5;0;formation sélective
35;40;20;formation non sélective
75;25;18;formation non sélective
92;30;16;formation sélective
976;24;12;formation sélective
13;35;1;formation sélective
66;30;0;formation sélective
75;12;0;formation sélective
75;12;0;formation sélective
69;20;0;formation sélective
971;22;1;formation sélective
34;17;4;formation sélective
80;80;37;formation non sélective
75;10;2;formation non sélective
75;15;1;formation non sélective
75;10;1;formation non sélective
75;10;0;formation non sélective
73;2;0;formation non sélective
81;55;15;formation non sélective
59;35;14;formation sélective
76;30;3;formation sélective
41;14;0;formation sélective
69;72;39;formation sélective
31;30;10;formation non sélective
31;36;34;formation non sélective
8;24;1;formation sélective
77;12;0;formation sélective
81;12;2;formation sélective
31;18;1;formation sélective
59;25;4;formation non sélective
86;12;4;formation sélective
62;35;2;formation sélective
52;15;0;formation sélective
67;12;6;formation sélective
92;34;0;formation sélective
78;30;0;formation sélective
66;35;3;formation sélective
34;24;0;formation sélective
1;11;0;formation sélective
57;10;6;formation sélective
38;60;38;formation non sélective
6;82;51;formation sélective
31;175;68;formation non sélective
33;30;29;formation non sélective
76;10;0;formation sélective
92;40;11;formation sélective
94;25;8;formation sélective
94;35;17;formation sélective
74;19;3;formation sélective
75;20;11;formation sélective
44;40;40;formation sélective
31;40;40;formation sélective
38;10;0;formation non sélective
34;17;0;formation sélective
31;50;14;formation non sélective
29;22;5;formation sélective
33;30;25;formation sélective
31;100;31;formation non sélective
49;30;1;formation sélective
38;480;161;formation non sélective
26;30;6;formation non sélective
38;533;297;formation non sélective
26;77;19;formation non sélective
33;140;28;formation non sélective
33;135;30;formation non sélective
87;18;2;formation non sélective
69;13;7;formation sélective
33;5;0;formation sélective
974;3;0;formation sélective
49;10;0;formation sélective
33;40;14;formation non sélective
75;36;11;formation sélective
77;13;2;formation sélective
64;16;1;formation sélective
54;90;100;formation sélective
973;28;0;formation sélective
34;110;72;formation non sélective
34;60;28;formation non sélective
13;48;24;formation sélective
80;24;4;formation sélective
25;40;12;formation sélective
64;48;26;formation sélective
77;35;18;formation sélective
21;24;11;formation sélective
971;45;23;formation sélective
59;10;3;formation sélective
59;24;18;formation sélective
69;72;69;formation sélective
69;48;46;formation sélective
57;48;33;formation sélective
49;48;18;formation sélective
49;40;32;formation sélective
6;48;32;formation sélective
76;48;42;formation sélective
75;48;48;formation sélective
75;48;49;formation sélective
75;48;30;formation sélective
10;48;13;formation sélective
29;24;4;formation sélective
56;48;16;formation sélective
31;48;44;formation sélective
31;24;22;formation sélective
92;38;32;formation sélective
92;40;11;formation sélective
78;48;35;formation sélective
75;24;24;formation sélective
75;23;25;formation sélective
51;30;18;formation sélective
63;24;17;formation sélective
42;24;17;formation sélective
94;24;23;formation sélective
54;24;16;formation sélective
78;20;20;formation sélective
75;48;47;formation sélective
38;10;3;formation sélective
75;24;24;formation sélective
33;24;13;formation sélective
69;24;24;formation sélective
69;19;22;formation sélective
67;24;27;formation sélective
974;12;12;formation sélective
78;23;22;formation sélective
69;24;22;formation sélective
59;40;38;formation sélective
75;48;51;formation sélective
26;20;12;formation sélective
59;24;28;formation sélective
75;24;23;formation sélective
42;24;12;formation sélective
31;24;25;formation sélective
33;15;15;formation sélective
94;24;24;formation sélective
69;22;18;formation sélective
75;42;42;formation sélective
69;48;47;formation sélective
80;24;6;formation sélective
44;34;18;formation sélective
13;32;21;formation sélective
34;80;44;formation non sélective
69;200;16;formation sélective
38;374;199;formation non sélective
66;135;26;formation non sélective
87;20;19;formation non sélective
87;24;21;formation non sélective
79;40;3;formation non sélective
30;30;16;formation non sélective
30;19;3;formation non sélective
30;25;5;formation non sélective
34;56;11;formation non sélective
17;48;20;formation sélective
78;88;88;formation sélective
38;15;2;formation non sélective
19;15;0;formation sélective
80;30;22;formation non sélective
34;30;28;formation sélective
76;36;36;formation sélective
86;101;121;formation sélective
92;20;9;formation sélective
94;40;8;formation sélective
44;36;33;formation non sélective
44;36;26;formation non sélective
44;55;21;formation non sélective
25;45;37;formation sélective
59;24;22;formation sélective
42;48;43;formation sélective
75;48;49;formation sélective
75;40;48;formation sélective
75;10;2;formation non sélective
78;48;48;formation sélective
10;36;5;formation non sélective
51;191;37;formation non sélective
45;35;14;formation non sélective
33;50;0;formation sélective
37;30;21;formation non sélective
83;15;0;formation sélective
69;45;21;formation sélective
69;50;6;formation sélective
75;15;9;formation non sélective
987;12;1;formation sélective
77;20;9;formation non sélective
75;10;7;formation sélective
59;36;19;formation non sélective
74;10;7;formation sélective
13;28;27;formation sélective
71;30;25;formation sélective
72;30;23;formation sélective
59;24;3;formation sélective
95;175;39;formation non sélective
99;20;1;formation sélective
75;20;20;formation sélective
38;30;20;formation non sélective
78;154;47;formation non sélective
78;90;61;formation non sélective
20;30;14;formation non sélective
36;15;0;formation sélective
75;25;12;formation non sélective
973;30;5;formation non sélective
68;15;2;formation sélective
94;35;17;formation non sélective
64;35;19;formation non sélective
57;35;10;formation non sélective
78;12;5;formation sélective
75;24;3;formation sélective
58;26;9;formation sélective
62;20;0;formation sélective
35;50;8;formation sélective
62;26;1;formation sélective
81;50;2;formation sélective
91;10;4;formation sélective
19;10;0;formation sélective
58;8;0;formation sélective
59;24;3;formation sélective
7;24;1;formation sélective
21;12;0;formation sélective
29;14;0;formation sélective
44;25;2;formation sélective
88;10;0;formation sélective
44;65;15;formation sélective
22;15;0;formation sélective
75;35;11;formation sélective
75;80;75;formation non sélective
75;70;63;formation non sélective
75;100;101;formation non sélective
63;70;7;formation sélective
59;100;7;formation non sélective
59;48;7;formation non sélective
37;100;12;formation sélective
92;20;0;formation sélective
13;24;0;formation sélective
33;15;0;formation sélective
34;20;0;formation sélective
34;7;0;formation sélective
34;7;4;formation sélective
30;24;5;formation sélective
81;24;0;formation sélective
46;24;0;formation sélective
22;15;0;formation sélective
13;15;0;formation sélective
76;20;1;formation sélective
92;12;0;formation sélective
56;10;0;formation sélective
75;24;0;formation sélective
75;5;1;formation sélective
49;56;24;formation sélective
75;70;68;formation sélective
13;15;8;formation sélective
49;5;2;formation sélective
53;5;1;formation sélective
83;5;1;formation sélective
94;35;3;formation sélective
75;32;31;formation sélective
75;25;23;formation sélective
29;2;0;formation sélective
29;4;0;formation sélective
86;250;72;formation non sélective
44;2;0;formation sélective
35;1;0;formation sélective
59;20;0;formation sélective
75;20;1;formation sélective
69;5;0;formation non sélective
69;5;0;formation non sélective
69;6;0;formation non sélective
69;68;28;formation non sélective
69;5;0;formation non sélective
69;5;2;formation non sélective
69;12;1;formation non sélective
69;29;35;formation non sélective
69;46;47;formation non sélective
69;201;70;formation non sélective
69;21;3;formation non sélective
69;61;14;formation non sélective
69;28;5;formation non sélective
69;93;18;formation non sélective
69;59;21;formation non sélective
69;12;7;formation non sélective
69;36;9;formation non sélective
25;6;4;formation sélective
974;15;2;formation sélective
33;40;10;formation sélective
69;20;10;formation non sélective
69;205;128;formation non sélective
74;8;7;formation sélective
69;11;6;formation non sélective
69;21;5;formation non sélective
69;32;13;formation non sélective
69;67;16;formation non sélective
13;24;0;formation sélective
20;14;0;formation sélective
35;40;5;formation non sélective
59;30;6;formation non sélective
25;14;2;formation sélective
85;60;9;formation sélective
83;38;4;formation sélective
76;36;28;formation sélective
75;60;8;formation sélective
56;10;2;formation non sélective
974;180;3;formation sélective
974;180;5;formation sélective
93;12;0;formation sélective
42;30;0;formation non sélective
99;6;4;formation sélective
42;60;4;formation non sélective
29;20;6;formation non sélective
29;40;3;formation non sélective
33;24;1;formation sélective
59;22;15;formation sélective
42;4;3;formation sélective
67;10;0;formation sélective
21;28;8;formation sélective
59;24;0;formation sélective
64;20;9;formation sélective
49;80;11;formation non sélective
26;50;7;formation non sélective
93;14;0;formation sélective
49;18;8;formation non sélective
76;28;12;formation sélective
49;40;6;formation sélective
91;20;5;formation sélective
87;264;51;formation non sélective
21;30;17;formation sélective
25;10;2;formation sélective
69;35;29;formation sélective
69;25;3;formation sélective
22;45;40;formation non sélective
75;16;11;formation sélective
81;5;1;formation non sélective
31;45;25;formation sélective
29;20;14;formation non sélective
29;120;91;formation non sélective
68;15;0;formation sélective
52;25;17;formation non sélective
75;56;13;formation sélective
21;20;15;formation non sélective
69;25;20;formation non sélective
976;24;0;formation sélective
83;24;0;formation sélective
86;48;48;formation sélective
56;48;50;formation sélective
86;27;4;formation sélective
29;13;1;formation non sélective
63;15;2;formation sélective
94;35;6;formation sélective
94;90;24;formation sélective
987;16;0;formation sélective
36;20;3;formation non sélective
94;25;1;formation sélective
56;10;4;formation non sélective
971;20;6;formation non sélective
42;40;7;formation non sélective
974;12;0;formation sélective
44;90;89;formation non sélective
54;18;0;formation sélective
64;15;0;formation sélective
40;20;0;formation sélective
29;338;122;formation non sélective
29;77;27;formation non sélective
40;15;0;formation sélective
67;32;1;formation sélective
33;28;4;formation sélective
74;10;2;formation sélective
51;19;0;formation sélective
59;24;2;formation non sélective
12;6;4;formation non sélective
69;30;24;formation sélective
6;36;1;formation sélective
6;36;7;formation sélective
78;2;0;formation sélective
67;58;30;formation sélective
51;10;1;formation sélective
56;36;0;formation non sélective
59;15;0;formation sélective
31;5;0;formation sélective
37;20;2;formation non sélective
16;12;0;formation sélective
63;40;25;formation non sélective
49;30;0;formation sélective
25;24;1;formation sélective
59;10;0;formation sélective
56;18;5;formation sélective
75;10;0;formation non sélective
76;16;1;formation sélective
80;100;108;formation non sélective
33;45;37;formation sélective
44;24;3;formation sélective
83;3;0;formation sélective
974;24;1;formation sélective
62;15;0;formation sélective
83;14;0;formation sélective
75;68;6;formation sélective
61;24;1;formation sélective
69;24;25;formation sélective
31;15;0;formation sélective
972;15;0;formation sélective
38;5;0;formation sélective
38;3;0;formation sélective
69;5;0;formation sélective
32;1;0;formation sélective
972;5;0;formation sélective
74;2;0;formation sélective
12;1;0;formation sélective
17;12;0;formation sélective
75;20;0;formation sélective
78;16;0;formation sélective
45;15;8;formation non sélective
45;15;10;formation non sélective
71;12;0;formation sélective
67;30;14;formation sélective
33;23;1;formation sélective
38;115;115;formation sélective
54;82;84;formation sélective
21;25;20;formation sélective
38;120;117;formation sélective
58;85;79;formation sélective
59;100;106;formation sélective
63;30;29;formation sélective
69;112;104;formation sélective
74;115;113;formation sélective
76;45;11;formation sélective
78;35;16;formation sélective
57;124;96;formation sélective
41;190;165;formation sélective
67;200;190;formation sélective
29;28;16;formation sélective
59;67;39;formation sélective
60;90;70;formation sélective
78;250;266;formation sélective
53;25;0;formation sélective
1;15;0;formation sélective
53;75;45;formation sélective
13;6;0;formation sélective
2;55;30;formation sélective
49;32;29;formation sélective
974;4;0;formation sélective
69;400;13;formation sélective
6;180;7;formation sélective
44;160;3;formation sélective
31;220;16;formation sélective
65;8;0;formation sélective
38;6;0;formation sélective
44;14;0;formation sélective
94;100;117;formation sélective
69;85;121;formation sélective
31;75;85;formation sélective
69;115;134;formation sélective
1;37;0;formation sélective
1;18;0;formation sélective
1;18;1;formation sélective
1;24;5;formation sélective
1;24;0;formation sélective
1;24;0;formation sélective
1;72;35;formation sélective
1;78;30;formation sélective
2;18;3;formation sélective
2;33;0;formation sélective
2;33;5;formation sélective
2;30;0;formation sélective
2;24;6;formation sélective
2;15;0;formation sélective
2;30;0;formation sélective
2;35;1;formation sélective
2;36;2;formation sélective
2;34;3;formation sélective
2;18;0;formation sélective
2;28;0;formation sélective
2;30;0;formation sélective
2;60;16;formation sélective
3;34;2;formation sélective
3;24;3;formation sélective
3;36;3;formation sélective
3;24;1;formation sélective
3;24;0;formation sélective
5;84;12;formation sélective
6;8;2;formation sélective
6;8;6;formation sélective
6;8;4;formation sélective
6;35;2;formation sélective
6;96;95;formation sélective
6;24;1;formation sélective
6;24;0;formation sélective
6;24;0;formation sélective
6;84;47;formation sélective
6;20;0;formation sélective
6;280;114;formation non sélective
6;24;3;formation sélective
6;24;1;formation sélective
6;28;2;formation sélective
7;28;1;formation sélective
7;27;2;formation sélective
8;9;0;formation sélective
8;36;0;formation sélective
8;24;0;formation sélective
8;32;3;formation sélective
8;84;3;formation non sélective
9;12;0;formation sélective
9;32;2;formation sélective
10;24;0;formation sélective
10;36;0;formation sélective
10;20;0;formation sélective
10;140;42;formation sélective
10;36;0;formation sélective
10;120;21;formation non sélective
10;135;29;formation non sélective
11;35;0;formation sélective
11;35;2;formation sélective
11;35;0;formation sélective
11;35;5;formation sélective
11;35;0;formation sélective
11;36;2;formation sélective
11;27;0;formation sélective
11;31;3;formation sélective
11;84;22;formation sélective
11;170;52;formation non sélective
11;15;0;formation sélective
11;15;2;formation sélective
12;12;0;formation sélective
12;24;2;formation sélective
12;35;1;formation sélective
12;24;0;formation sélective
13;48;50;formation sélective
13;24;0;formation sélective
13;35;0;formation sélective
13;35;2;formation sélective
13;35;1;formation sélective
13;15;0;formation sélective
13;40;17;formation sélective
13;48;37;formation sélective
13;96;84;formation sélective
13;45;44;formation sélective
13;35;0;formation sélective
13;15;0;formation sélective
13;35;1;formation sélective
13;35;0;formation sélective
13;30;0;formation sélective
13;14;1;formation sélective
13;32;0;formation sélective
13;35;3;formation sélective
13;24;1;formation sélective
13;24;0;formation sélective
13;108;51;formation sélective
13;104;32;formation sélective
13;72;14;formation sélective
13;30;1;formation sélective
13;15;0;formation non sélective
13;20;0;formation non sélective
13;105;23;formation non sélective
13;36;5;formation sélective
13;36;2;formation sélective
13;84;0;formation sélective
13;48;9;formation sélective
13;32;13;formation sélective
13;24;1;formation sélective
13;24;1;formation sélective
13;14;0;formation sélective
13;56;24;formation sélective
13;56;22;formation sélective
14;96;91;formation sélective
14;40;15;formation sélective
14;36;2;formation sélective
14;18;0;formation sélective
14;30;1;formation sélective
14;17;3;formation sélective
14;22;1;formation sélective
14;75;10;formation non sélective
14;60;9;formation non sélective
14;350;178;formation non sélective
14;75;15;formation non sélective
14;50;5;formation non sélective
14;18;0;formation sélective
14;35;1;formation sélective
14;24;0;formation sélective
14;15;0;formation sélective
14;24;0;formation sélective
16;13;0;formation sélective
16;16;0;formation sélective
16;36;1;formation sélective
16;12;5;formation sélective
16;31;5;formation sélective
16;66;31;formation sélective
16;86;30;formation sélective
17;48;43;formation sélective
17;20;0;formation sélective
17;28;0;formation sélective
17;18;0;formation sélective
17;58;19;formation sélective
17;12;0;formation sélective
17;140;52;formation non sélective
17;125;38;formation non sélective
18;14;0;formation sélective
18;15;1;formation sélective
18;33;5;formation sélective
19;12;2;formation sélective
19;14;1;formation sélective
19;14;0;formation sélective
19;24;1;formation sélective
19;15;0;formation sélective
19;27;0;formation sélective
19;19;1;formation sélective
19;48;10;formation sélective
21;48;46;formation sélective
21;24;1;formation sélective
21;30;0;formation sélective
21;32;1;formation sélective
21;33;0;formation sélective
21;66;2;formation sélective
21;78;24;formation sélective
21;27;0;formation sélective
21;145;61;formation non sélective
21;38;6;formation non sélective
21;35;6;formation non sélective
21;360;115;formation non sélective
21;180;23;formation non sélective
21;160;37;formation non sélective
22;35;1;formation sélective
22;30;3;formation sélective
22;35;3;formation sélective
22;48;21;formation sélective
22;35;1;formation sélective
22;35;0;formation sélective
22;35;4;formation sélective
22;45;0;formation sélective
22;30;1;formation sélective
22;30;2;formation sélective
22;32;3;formation sélective
22;122;81;formation sélective
22;28;0;formation sélective
22;52;21;formation sélective
22;52;24;formation sélective
23;15;0;formation sélective
23;15;0;formation sélective
23;20;0;formation sélective
23;24;0;formation sélective
24;28;0;formation sélective
24;48;13;formation sélective
24;32;1;formation sélective
24;35;1;formation sélective
24;15;0;formation sélective
24;28;1;formation sélective
24;30;0;formation sélective
24;18;9;formation sélective
24;24;1;formation sélective
25;90;42;formation sélective
25;45;45;formation sélective
25;15;0;formation sélective
25;18;0;formation sélective
25;12;7;formation sélective
25;24;0;formation sélective
25;24;1;formation sélective
25;16;0;formation sélective
25;224;65;formation non sélective
25;50;4;formation non sélective
25;325;110;formation non sélective
25;80;9;formation non sélective
25;24;2;formation sélective
25;15;0;formation sélective
25;18;2;formation sélective
25;18;3;formation sélective
25;48;12;formation sélective
25;60;20;formation sélective
26;15;0;formation sélective
26;32;0;formation sélective
26;20;2;formation sélective
26;28;0;formation sélective
26;32;1;formation sélective
26;52;17;formation sélective
26;45;10;formation non sélective
26;48;7;formation sélective
27;35;0;formation sélective
27;45;13;formation sélective
27;15;0;formation sélective
27;35;1;formation sélective
27;18;1;formation sélective
27;18;0;formation sélective
27;35;0;formation sélective
27;24;5;formation sélective
27;28;4;formation sélective
27;28;13;formation sélective
28;48;40;formation sélective
28;31;1;formation sélective
28;30;1;formation sélective
29;35;1;formation sélective
29;48;10;formation sélective
29;30;0;formation sélective
29;26;0;formation sélective
29;30;5;formation sélective
29;30;1;formation sélective
29;31;25;formation sélective
29;30;0;formation sélective
29;16;0;formation sélective
29;64;13;formation sélective
29;35;0;formation sélective
29;35;1;formation sélective
29;26;1;formation sélective
29;36;1;formation sélective
29;35;2;formation sélective
29;35;14;formation sélective
29;30;0;formation sélective
29;70;0;formation sélective
29;14;0;formation sélective
29;28;16;formation sélective
29;48;16;formation sélective
29;15;1;formation sélective
29;35;2;formation sélective
29;27;0;formation sélective
29;80;19;formation non sélective
29;80;9;formation non sélective
29;80;11;formation non sélective
29;480;235;formation non sélective
29;140;49;formation sélective
30;15;0;formation sélective
30;15;0;formation sélective
30;24;11;formation sélective
30;35;2;formation sélective
30;53;0;formation sélective
30;30;1;formation sélective
30;15;0;formation sélective
30;30;0;formation sélective
30;34;0;formation sélective
30;34;7;formation sélective
30;15;0;formation sélective
30;15;1;formation sélective
30;80;13;formation sélective
30;80;30;formation sélective
30;30;1;formation sélective
30;18;1;formation sélective
30;18;0;formation sélective
30;500;37;formation non sélective
30;38;2;formation sélective
31;15;1;formation sélective
31;45;42;formation sélective
31;47;0;formation sélective
31;30;4;formation sélective
31;24;1;formation sélective
31;47;0;formation sélective
31;24;0;formation sélective
31;82;0;formation sélective
31;48;48;formation sélective
31;35;1;formation sélective
31;120;20;formation non sélective
31;90;42;formation sélective
31;146;41;formation sélective
31;36;11;formation sélective
31;24;5;formation sélective
31;32;1;formation sélective
31;60;1;formation non sélective
31;60;2;formation non sélective
31;675;216;formation non sélective
31;500;49;formation non sélective
31;150;16;formation non sélective
31;1000;335;formation non sélective
31;250;54;formation non sélective
31;100;3;formation non sélective
31;25;16;formation sélective
31;99;24;formation non sélective
31;105;50;formation non sélective
31;100;49;formation sélective
31;30;0;formation sélective
31;35;3;formation sélective
31;35;0;formation sélective
31;24;0;formation sélective
32;19;0;formation sélective
32;50;11;formation sélective
32;25;6;formation sélective
33;48;41;formation sélective
33;35;0;formation sélective
33;48;47;formation sélective
33;48;35;formation sélective
33;48;0;formation sélective
33;34;0;formation sélective
33;30;0;formation sélective
33;35;0;formation sélective
33;35;8;formation sélective
33;30;1;formation sélective
33;30;0;formation sélective
33;39;19;formation sélective
33;120;19;formation sélective
33;75;29;formation sélective
33;100;28;formation sélective
33;24;1;formation sélective
33;38;2;formation sélective
33;10;1;formation sélective
33;130;56;formation non sélective
33;80;33;formation sélective
33;500;181;formation non sélective
33;220;53;formation non sélective
33;34;0;formation sélective
33;30;0;formation sélective
33;24;0;formation sélective
33;565;162;formation non sélective
33;114;38;formation sélective
33;112;23;formation sélective
34;18;0;formation sélective
34;36;4;formation sélective
34;40;15;formation sélective
34;30;0;formation sélective
34;48;48;formation sélective
34;48;34;formation sélective
34;30;1;formation sélective
34;15;1;formation sélective
34;30;0;formation sélective
34;32;2;formation sélective
34;35;1;formation sélective
34;30;0;formation sélective
34;27;1;formation sélective
34;52;19;formation sélective
34;36;28;formation sélective
34;1120;604;formation non sélective
34;300;99;formation non sélective
34;175;40;formation non sélective
34;160;37;formation non sélective
34;45;6;formation non sélective
34;45;1;formation non sélective
34;22;1;formation non sélective
34;185;37;formation non sélective
34;20;2;formation sélective
34;48;18;formation sélective
34;33;0;formation sélective
35;85;0;formation sélective
35;18;1;formation sélective
35;35;0;formation sélective
35;35;0;formation sélective
35;35;1;formation sélective
35;90;64;formation sélective
35;134;43;formation sélective
35;96;93;formation sélective
35;35;0;formation sélective
35;25;19;formation sélective
35;500;178;formation non sélective
35;335;129;formation non sélective
35;200;38;formation non sélective
35;150;46;formation non sélective
35;40;4;formation non sélective
35;120;29;formation non sélective
22;220;64;formation non sélective
35;30;0;formation sélective
35;70;2;formation sélective
36;28;0;formation sélective
36;34;0;formation sélective
36;32;1;formation sélective
37;15;0;formation sélective
37;35;1;formation sélective
37;24;0;formation sélective
37;35;2;formation sélective
37;24;8;formation sélective
37;34;3;formation sélective
37;23;9;formation sélective
37;50;29;formation sélective
37;132;78;formation sélective
37;28;6;formation sélective
37;100;25;formation non sélective
37;135;21;formation non sélective
37;300;99;formation non sélective
37;18;2;formation sélective
37;24;0;formation sélective
37;24;1;formation sélective
38;33;3;formation sélective
38;96;94;formation sélective
38;80;55;formation sélective
38;32;0;formation sélective
38;32;0;formation sélective
38;24;0;formation sélective
38;15;0;formation sélective
38;45;39;formation sélective
38;32;28;formation sélective
38;18;16;formation sélective
38;22;0;formation sélective
38;20;0;formation sélective
38;20;1;formation sélective
38;36;33;formation sélective
38;30;0;formation non sélective
38;15;1;formation non sélective
38;50;0;formation non sélective
38;15;1;formation non sélective
38;80;35;formation non sélective
38;34;0;formation sélective
38;30;3;formation sélective
38;24;0;formation sélective
38;11;5;formation sélective
38;18;0;formation sélective
38;24;2;formation sélective
38;20;0;formation sélective
38;50;24;formation sélective
39;24;1;formation sélective
39;18;0;formation sélective
39;60;0;formation sélective
39;15;1;formation sélective
39;24;0;formation sélective
39;12;0;formation sélective
39;40;0;formation sélective
40;15;0;formation sélective
40;28;0;formation sélective
40;28;0;formation sélective
40;32;0;formation sélective
41;15;0;formation sélective
41;18;0;formation sélective
41;100;36;formation non sélective
42;16;0;formation sélective
42;48;41;formation sélective
42;96;66;formation sélective
42;24;3;formation sélective
42;28;6;formation sélective
42;116;44;formation sélective
42;73;43;formation sélective
42;99;38;formation sélective
42;30;1;formation sélective
42;30;0;formation sélective
42;35;9;formation non sélective
42;30;0;formation sélective
42;45;4;formation sélective
42;105;10;formation sélective
42;170;12;formation non sélective
42;15;1;formation sélective
43;30;5;formation sélective
43;30;2;formation sélective
44;19;0;formation sélective
44;30;1;formation sélective
44;35;3;formation sélective
44;47;16;formation sélective
44;10;2;formation sélective
44;10;0;formation sélective
44;33;3;formation sélective
44;15;0;formation sélective
44;78;18;formation sélective
44;78;39;formation sélective
44;196;94;formation sélective
44;18;0;formation sélective
44;48;28;formation sélective
44;35;4;formation sélective
44;215;74;formation non sélective
44;160;25;formation non sélective
44;372;151;formation non sélective
44;32;3;formation sélective
44;32;0;formation sélective
44;33;3;formation sélective
44;35;17;formation sélective
44;72;0;formation sélective
44;35;2;formation sélective
45;30;1;formation sélective
45;24;0;formation sélective
45;96;35;formation sélective
45;15;0;formation sélective
45;15;0;formation sélective
45;24;0;formation sélective
45;28;2;formation sélective
45;25;0;formation sélective
45;28;0;formation sélective
45;40;0;formation sélective
45;36;2;formation sélective
45;24;4;formation sélective
45;19;0;formation sélective
45;19;2;formation sélective
45;24;1;formation sélective
45;32;2;formation sélective
46;18;0;formation sélective
47;16;1;formation sélective
47;15;0;formation sélective
47;35;0;formation sélective
47;40;0;formation sélective
47;24;3;formation sélective
48;18;1;formation sélective
48;15;0;formation sélective
48;38;1;formation sélective
48;27;1;formation sélective
48;18;0;formation sélective
48;20;0;formation sélective
49;35;2;formation sélective
49;35;0;formation sélective
49;24;0;formation sélective
49;22;0;formation sélective
49;46;1;formation sélective
49;65;7;formation sélective
49;36;0;formation sélective
49;140;62;formation sélective
49;6;0;formation sélective
49;100;13;formation sélective
49;40;17;formation non sélective
49;45;9;formation non sélective
49;150;101;formation non sélective
49;70;19;formation non sélective
49;120;71;formation non sélective
49;18;0;formation sélective
49;18;10;formation sélective
49;18;0;formation sélective
49;20;0;formation sélective
49;34;5;formation sélective
49;365;113;formation non sélective
49;48;43;formation sélective
49;17;0;formation sélective
49;35;5;formation sélective
49;70;13;formation sélective
49;24;5;formation sélective
49;24;4;formation sélective
49;70;10;formation sélective
50;24;0;formation sélective
50;24;0;formation sélective
50;24;2;formation sélective
50;29;4;formation sélective
50;32;0;formation sélective
50;15;1;formation sélective
50;24;2;formation sélective
50;36;6;formation sélective
51;48;48;formation sélective
51;48;0;formation sélective
51;35;1;formation sélective
51;24;0;formation sélective
51;50;12;formation sélective
51;30;1;formation sélective
51;16;0;formation sélective
51;36;0;formation sélective
51;36;3;formation sélective
51;150;23;formation non sélective
51;36;0;formation sélective
51;15;2;formation sélective
51;15;0;formation sélective
51;36;0;formation sélective
51;26;4;formation sélective
51;40;11;formation sélective
52;24;0;formation sélective
52;18;1;formation sélective
52;15;0;formation sélective
53;24;2;formation sélective
53;32;1;formation sélective
53;35;1;formation sélective
53;42;0;formation sélective
53;70;54;formation non sélective
53;52;26;formation sélective
53;78;34;formation sélective
54;24;1;formation sélective
54;24;1;formation sélective
54;96;97;formation sélective
54;35;2;formation sélective
54;24;2;formation sélective
54;84;43;formation sélective
54;24;4;formation sélective
54;24;5;formation sélective
54;15;1;formation sélective
54;30;0;formation sélective
54;24;0;formation sélective
54;106;55;formation sélective
54;52;23;formation sélective
54;45;20;formation sélective
54;25;8;formation sélective
54;52;26;formation sélective
54;52;19;formation sélective
54;125;13;formation non sélective
54;270;97;formation non sélective
54;30;0;formation non sélective
54;100;10;formation non sélective
54;35;5;formation non sélective
54;80;16;formation non sélective
54;110;23;formation non sélective
54;30;0;formation sélective
54;15;0;formation sélective
54;20;1;formation sélective
54;35;0;formation sélective
54;24;6;formation sélective
55;24;3;formation sélective
55;24;0;formation sélective
55;24;0;formation sélective
55;24;0;formation sélective
56;34;2;formation sélective
56;35;0;formation sélective
56;35;11;formation sélective
56;24;0;formation sélective
56;35;0;formation sélective
56;48;19;formation sélective
56;35;0;formation sélective
56;30;2;formation sélective
56;19;0;formation sélective
56;90;47;formation sélective
56;36;4;formation sélective
56;15;0;formation sélective
56;84;27;formation non sélective
57;35;2;formation sélective
57;70;5;formation sélective
57;59;1;formation sélective
57;70;2;formation sélective
57;15;0;formation sélective
57;24;1;formation sélective
57;15;1;formation sélective
57;15;0;formation sélective
57;24;0;formation sélective
57;35;1;formation sélective
57;35;0;formation sélective
57;95;30;formation sélective
57;24;1;formation sélective
57;35;1;formation sélective
57;110;26;formation non sélective
57;85;13;formation non sélective
57;10;1;formation sélective
57;48;40;formation sélective
57;96;44;formation sélective
57;84;19;formation sélective
58;18;0;formation sélective
58;24;2;formation sélective
58;100;19;formation non sélective
59;33;1;formation sélective
59;18;0;formation sélective
59;48;41;formation sélective
59;48;42;formation sélective
59;30;0;formation sélective
59;30;0;formation sélective
59;48;2;formation sélective
59;15;0;formation sélective
59;30;0;formation sélective
59;35;4;formation sélective
59;35;0;formation sélective
59;15;0;formation sélective
59;96;93;formation sélective
59;96;80;formation sélective
59;96;20;formation sélective
59;15;0;formation sélective
59;30;0;formation sélective
59;35;0;formation sélective
59;32;0;formation sélective
59;35;2;formation sélective
59;35;4;formation sélective
59;15;0;formation sélective
59;30;0;formation sélective
59;35;1;formation sélective
59;35;3;formation sélective
59;35;8;formation sélective
59;70;1;formation sélective
59;35;1;formation sélective
59;70;4;formation sélective
59;35;9;formation sélective
59;48;32;formation sélective
59;88;26;formation sélective
59;135;52;formation sélective
59;46;10;formation sélective
59;22;0;formation sélective
59;30;1;formation sélective
59;45;4;formation sélective
59;30;0;formation sélective
59;36;0;formation sélective
59;20;1;formation sélective
59;45;0;formation sélective
59;65;6;formation sélective
59;91;12;formation sélective
59;36;5;formation sélective
59;18;1;formation sélective
59;32;5;formation sélective
59;36;10;formation sélective
59;30;5;formation sélective
59;48;32;formation sélective
59;40;6;formation non sélective
59;70;24;formation non sélective
59;330;92;formation non sélective
59;120;21;formation non sélective
59;26;1;formation sélective
59;250;55;formation non sélective
59;300;84;formation non sélective
59;25;4;formation non sélective
59;120;54;formation non sélective
59;27;8;formation non sélective
59;120;24;formation non sélective
59;79;13;formation sélective
59;32;5;formation sélective
59;183;75;formation sélective
59;45;0;formation sélective
59;15;2;formation sélective
59;34;0;formation sélective
59;24;2;formation sélective
59;440;164;formation non sélective
60;33;0;formation sélective
60;24;1;formation sélective
60;48;46;formation sélective
60;22;0;formation sélective
60;35;2;formation sélective
60;33;5;formation sélective
60;84;17;formation sélective
61;24;1;formation sélective
61;33;1;formation sélective
61;36;0;formation sélective
61;24;0;formation sélective
62;48;44;formation sélective
62;35;7;formation sélective
62;35;0;formation sélective
62;35;6;formation sélective
62;15;0;formation sélective
62;35;0;formation sélective
62;30;1;formation sélective
62;48;15;formation sélective
62;35;1;formation sélective
62;32;5;formation sélective
62;30;0;formation sélective
62;35;0;formation sélective
62;35;0;formation sélective
62;60;4;formation sélective
62;70;4;formation sélective
62;35;1;formation sélective
62;55;3;formation sélective
62;55;8;formation sélective
62;38;0;formation sélective
62;35;0;formation sélective
62;24;3;formation sélective
62;24;1;formation sélective
62;30;5;formation sélective
62;35;3;formation sélective
62;35;2;formation sélective
62;42;2;formation sélective
62;40;1;formation sélective
62;34;2;formation sélective
62;35;0;formation sélective
62;10;2;formation non sélective
62;300;64;formation non sélective
62;35;1;formation sélective
62;180;75;formation non sélective
62;239;51;formation non sélective
62;77;31;formation non sélective
62;118;58;formation non sélective
62;78;41;formation sélective
62;225;115;formation non sélective
62;32;6;formation sélective
63;48;38;formation sélective
63;24;2;formation sélective
63;59;2;formation sélective
63;35;36;formation sélective
63;24;3;formation sélective
63;30;1;formation sélective
63;35;2;formation sélective
63;50;50;formation sélective
63;34;34;formation sélective
63;98;55;formation sélective
63;110;46;formation sélective
63;30;5;formation sélective
63;28;1;formation sélective
63;35;0;formation sélective
63;25;0;formation sélective
63;27;4;formation sélective
63;680;292;formation non sélective
63;24;0;formation sélective
63;80;10;formation sélective
63;50;1;formation non sélective
63;80;7;formation non sélective
63;80;19;formation non sélective
63;72;0;formation sélective
63;24;3;formation sélective
63;15;1;formation sélective
64;30;0;formation sélective
64;24;9;formation sélective
64;22;0;formation sélective
64;35;0;formation sélective
64;35;1;formation sélective
64;35;0;formation sélective
64;48;23;formation sélective
64;15;0;formation sélective
64;24;2;formation sélective
64;30;3;formation sélective
64;32;2;formation sélective
64;27;5;formation sélective
64;70;19;formation non sélective
64;105;40;formation non sélective
64;105;13;formation non sélective
64;50;8;formation non sélective
64;80;18;formation non sélective
64;150;41;formation non sélective
64;45;12;formation sélective
64;70;16;formation non sélective
64;35;2;formation sélective
64;35;1;formation sélective
64;3;1;formation sélective
65;18;2;formation sélective
65;18;2;formation sélective
65;24;3;formation sélective
65;24;15;formation sélective
65;24;0;formation sélective
65;24;1;formation sélective
65;18;5;formation sélective
65;35;0;formation sélective
65;24;2;formation sélective
65;72;11;formation sélective
65;135;46;formation sélective
65;30;0;formation sélective
66;35;3;formation sélective
66;35;0;formation sélective
66;32;1;formation sélective
66;24;0;formation sélective
66;24;0;formation sélective
66;240;89;formation non sélective
66;35;0;formation non sélective
66;39;20;formation sélective
66;56;12;formation sélective
67;30;0;formation sélective
67;48;35;formation sélective
67;15;1;formation sélective
67;38;35;formation sélective
67;30;2;formation sélective
67;30;5;formation sélective
67;27;1;formation sélective
67;25;1;formation sélective
67;24;0;formation sélective
67;29;1;formation sélective
67;23;0;formation sélective
67;58;36;formation sélective
67;28;16;formation sélective
67;30;1;formation sélective
67;38;4;formation sélective
67;25;1;formation sélective
67;150;73;formation non sélective
67;295;103;formation non sélective
67;125;21;formation non sélective
67;15;14;formation sélective
67;780;513;formation non sélective
67;40;0;formation non sélective
67;555;231;formation non sélective
67;115;25;formation non sélective
67;105;15;formation non sélective
68;27;0;formation sélective
68;30;2;formation sélective
68;45;18;formation sélective
68;24;0;formation sélective
68;30;1;formation sélective
68;24;1;formation sélective
68;12;0;formation sélective
68;52;21;formation sélective
68;15;0;formation sélective
68;15;0;formation sélective
68;24;0;formation sélective
68;54;11;formation sélective
68;60;13;formation non sélective
68;27;3;formation sélective
68;36;0;formation sélective
69;144;130;formation sélective
69;42;42;formation sélective
69;36;0;formation sélective
69;35;2;formation sélective
69;32;0;formation sélective
69;32;0;formation sélective
69;24;0;formation sélective
69;18;0;formation sélective
69;30;0;formation sélective
69;24;0;formation sélective
69;30;0;formation sélective
69;15;2;formation sélective
69;32;0;formation sélective
69;185;124;formation sélective
69;50;11;formation sélective
69;56;12;formation sélective
69;42;15;formation sélective
69;45;19;formation sélective
69;30;0;formation sélective
69;36;6;formation sélective
69;35;12;formation sélective
69;48;44;formation sélective
69;34;3;formation sélective
69;15;1;formation sélective
69;15;0;formation sélective
69;480;93;formation non sélective
69;200;59;formation sélective
69;107;7;formation sélective
69;15;2;formation non sélective
69;100;22;formation non sélective
69;63;20;formation non sélective
69;10;6;formation sélective
69;5;2;formation sélective
69;330;285;formation non sélective
69;16;0;formation sélective
69;24;0;formation sélective
69;24;8;formation sélective
69;24;0;formation sélective
69;90;9;formation sélective
70;10;0;formation sélective
71;32;15;formation sélective
71;15;1;formation sélective
71;24;2;formation sélective
71;24;0;formation sélective
71;32;5;formation sélective
71;45;11;formation sélective
72;10;0;formation sélective
72;96;28;formation sélective
72;24;0;formation sélective
72;24;4;formation sélective
72;24;0;formation sélective
72;78;24;formation sélective
72;18;0;formation sélective
72;330;142;formation non sélective
72;110;14;formation non sélective
72;77;12;formation non sélective
72;30;19;formation non sélective
72;40;4;formation sélective
72;35;1;formation sélective
73;45;27;formation sélective
73;48;1;formation sélective
73;22;0;formation sélective
73;18;1;formation sélective
73;50;8;formation non sélective
73;100;57;formation non sélective
73;60;20;formation non sélective
73;100;17;formation non sélective
73;26;0;formation sélective
73;75;17;formation non sélective
73;130;73;formation non sélective
73;19;7;formation non sélective
73;15;1;formation non sélective
73;14;4;formation non sélective
73;36;0;formation sélective
73;27;9;formation sélective
73;26;16;formation sélective
74;24;0;formation sélective
74;24;1;formation sélective
74;38;39;formation sélective
74;24;0;formation sélective
74;24;1;formation sélective
74;30;1;formation sélective
74;14;3;formation sélective
74;16;0;formation sélective
74;18;0;formation sélective
74;105;41;formation sélective
74;84;52;formation sélective
74;15;0;formation sélective
75;48;0;formation sélective
75;48;52;formation sélective
75;48;3;formation sélective
75;24;0;formation sélective
75;48;62;formation sélective
75;48;42;formation sélective
75;96;82;formation sélective
75;48;32;formation sélective
75;24;0;formation sélective
75;35;0;formation sélective
75;35;2;formation sélective
75;45;21;formation sélective
75;35;2;formation sélective
75;30;2;formation sélective
75;45;0;formation sélective
75;48;45;formation sélective
75;23;1;formation sélective
75;140;136;formation sélective
75;96;93;formation sélective
75;48;48;formation sélective
75;48;49;formation sélective
75;45;44;formation sélective
75;48;45;formation sélective
75;70;0;formation sélective
75;35;4;formation sélective
75;96;33;formation sélective
75;28;2;formation sélective
75;35;3;formation sélective
75;30;23;formation sélective
75;60;44;formation sélective
75;187;122;formation non sélective
75;26;16;formation non sélective
75;28;21;formation non sélective
75;54;29;formation non sélective
75;40;5;formation non sélective
75;380;110;formation non sélective
75;30;20;formation sélective
75;15;11;formation sélective
75;20;8;formation sélective
75;195;47;formation non sélective
75;25;6;formation sélective
75;250;107;formation non sélective
75;620;360;formation non sélective
75;527;402;formation non sélective
75;125;18;formation non sélective
75;37;2;formation non sélective
75;70;45;formation sélective
75;129;29;formation non sélective
75;63;47;formation non sélective
75;130;45;formation non sélective
75;130;94;formation sélective
75;76;1;formation sélective
75;74;15;formation sélective
75;35;1;formation sélective
75;35;4;formation sélective
75;30;2;formation non sélective
75;15;0;formation non sélective
75;15;1;formation non sélective
75;10;2;formation non sélective
75;10;1;formation non sélective
75;30;3;formation non sélective
75;10;1;formation non sélective
75;110;3;formation non sélective
75;74;9;formation sélective
75;250;203;formation sélective
94;76;10;formation sélective
75;48;47;formation sélective
75;96;75;formation sélective
75;24;0;formation sélective
75;25;3;formation sélective
75;40;1;formation sélective
75;40;6;formation sélective
75;64;0;formation sélective
75;52;0;formation sélective
75;36;8;formation sélective
75;168;63;formation sélective
75;26;1;formation sélective
76;35;1;formation sélective
76;15;0;formation sélective
76;29;2;formation sélective
76;18;0;formation sélective
76;6;2;formation sélective
76;35;5;formation sélective
76;75;26;formation sélective
76;140;54;formation sélective
76;35;0;formation sélective
76;18;6;formation sélective
76;50;6;formation sélective
76;112;18;formation sélective
76;135;33;formation sélective
76;28;7;formation sélective
76;35;2;formation sélective
76;35;5;formation sélective
76;150;5;formation non sélective
76;594;260;formation non sélective
76;150;11;formation non sélective
76;360;121;formation non sélective
76;15;0;formation sélective
76;100;10;formation non sélective
76;70;50;formation sélective
76;30;1;formation sélective
76;15;0;formation sélective
77;24;0;formation sélective
77;35;1;formation sélective
77;35;1;formation sélective
77;48;33;formation sélective
77;48;44;formation sélective
77;28;0;formation sélective
77;24;1;formation sélective
77;35;0;formation sélective
77;24;0;formation sélective
77;27;0;formation sélective
77;35;0;formation sélective
77;35;1;formation sélective
77;24;0;formation sélective
77;24;0;formation sélective
77;24;0;formation sélective
77;25;10;formation sélective
77;33;1;formation sélective
77;35;7;formation sélective
77;24;0;formation sélective
77;78;16;formation sélective
77;130;67;formation non sélective
77;70;50;formation sélective
77;95;12;formation non sélective
77;52;21;formation non sélective
77;175;94;formation non sélective
78;18;0;formation sélective
78;35;2;formation sélective
78;33;0;formation sélective
78;70;3;formation sélective
78;32;0;formation sélective
78;68;6;formation non sélective
78;50;10;formation sélective
78;84;33;formation sélective
78;30;0;formation sélective
78;35;0;formation sélective
78;96;93;formation sélective
78;22;0;formation sélective
78;48;22;formation sélective
78;141;139;formation sélective
78;74;67;formation sélective
78;43;39;formation sélective
78;35;0;formation sélective
79;18;1;formation sélective
79;27;2;formation sélective
79;40;0;formation sélective
79;30;0;formation sélective
79;52;23;formation sélective
79;82;23;formation sélective
79;18;0;formation sélective
80;35;0;formation sélective
80;24;1;formation sélective
80;51;2;formation sélective
80;35;0;formation sélective
80;35;1;formation sélective
80;28;1;formation sélective
80;24;2;formation sélective
80;35;0;formation sélective
81;30;0;formation sélective
81;24;2;formation sélective
81;15;0;formation sélective
81;35;0;formation sélective
81;18;1;formation sélective
81;36;1;formation sélective
81;24;0;formation sélective
81;85;36;formation non sélective
82;12;0;formation sélective
83;24;2;formation sélective
83;26;1;formation sélective
83;24;1;formation sélective
83;24;4;formation sélective
83;16;2;formation sélective
83;80;5;formation non sélective
83;36;2;formation sélective
83;30;0;formation sélective
83;60;11;formation sélective
84;40;16;formation sélective
84;15;0;formation sélective
84;24;0;formation sélective
84;35;1;formation sélective
84;25;1;formation sélective
84;40;37;formation sélective
84;170;51;formation non sélective
84;140;10;formation non sélective
84;135;37;formation non sélective
84;32;0;formation sélective
84;28;11;formation sélective
85;35;1;formation sélective
85;35;0;formation sélective
85;15;3;formation sélective
85;24;0;formation sélective
85;19;1;formation sélective
85;36;0;formation sélective
85;24;0;formation sélective
85;8;5;formation sélective
85;24;0;formation sélective
85;140;33;formation sélective
85;60;16;formation sélective
85;52;25;formation sélective
86;15;0;formation sélective
86;24;0;formation sélective
86;20;0;formation sélective
86;32;2;formation sélective
86;48;22;formation sélective
86;168;80;formation sélective
86;30;0;formation sélective
86;49;8;formation sélective
86;16;2;formation sélective
87;48;47;formation sélective
87;48;47;formation sélective
87;35;2;formation sélective
87;35;0;formation sélective
87;40;17;formation sélective
87;30;2;formation sélective
87;60;0;formation sélective
87;28;2;formation sélective
87;30;3;formation sélective
87;19;0;formation sélective
87;19;1;formation sélective
87;140;18;formation non sélective
87;24;0;formation sélective
87;12;0;formation sélective
88;36;15;formation sélective
88;35;1;formation sélective
88;15;0;formation sélective
88;42;3;formation sélective
88;52;15;formation sélective
88;52;20;formation sélective
88;160;45;formation non sélective
89;28;7;formation sélective
89;15;0;formation sélective
89;18;0;formation sélective
89;15;1;formation sélective
89;33;5;formation sélective
89;39;8;formation sélective
90;35;3;formation sélective
90;32;3;formation sélective
90;48;6;formation sélective
90;19;1;formation sélective
90;48;2;formation non sélective
90;70;28;formation non sélective
91;34;1;formation sélective
91;44;26;formation sélective
91;36;1;formation sélective
91;29;1;formation sélective
91;30;0;formation sélective
91;28;0;formation sélective
91;65;1;formation sélective
91;64;0;formation sélective
91;32;2;formation sélective
91;186;85;formation sélective
91;15;0;formation sélective
91;32;12;formation sélective
91;35;2;formation sélective
91;28;0;formation sélective
91;30;0;formation sélective
91;35;0;formation sélective
91;180;34;formation non sélective
91;155;17;formation non sélective
91;80;19;formation non sélective
91;96;32;formation sélective
91;24;0;formation sélective
92;36;0;formation sélective
92;12;6;formation sélective
92;12;4;formation sélective
92;34;0;formation sélective
92;36;0;formation sélective
92;35;1;formation sélective
92;30;0;formation sélective
92;95;94;formation sélective
92;35;0;formation sélective
92;40;40;formation sélective
92;28;3;formation sélective
92;28;0;formation sélective
92;90;56;formation sélective
92;30;20;formation sélective
92;778;579;formation non sélective
92;560;277;formation non sélective
92;170;42;formation non sélective
92;57;4;formation non sélective
92;60;10;formation non sélective
92;158;43;formation non sélective
92;295;112;formation sélective
92;37;2;formation sélective
92;36;0;formation sélective
92;14;0;formation sélective
92;30;2;formation sélective
93;32;1;formation sélective
93;33;0;formation sélective
93;24;2;formation sélective
93;30;1;formation sélective
93;35;0;formation sélective
93;36;13;formation sélective
93;35;2;formation sélective
93;60;45;formation sélective
93;35;2;formation sélective
93;35;1;formation sélective
93;35;0;formation sélective
93;15;5;formation sélective
93;48;7;formation sélective
93;48;9;formation sélective
93;140;53;formation sélective
93;300;81;formation non sélective
93;205;7;formation non sélective
93;35;11;formation sélective
93;145;31;formation non sélective
93;35;1;formation sélective
93;12;4;formation sélective
93;45;3;formation sélective
93;60;10;formation sélective
93;56;4;formation sélective
93;12;5;formation sélective
93;12;5;formation sélective
93;12;4;formation sélective
93;28;5;formation sélective
93;20;0;formation sélective
94;22;0;formation sélective
94;35;1;formation sélective
94;32;0;formation sélective
94;44;1;formation sélective
94;24;0;formation sélective
94;35;3;formation sélective
94;24;0;formation sélective
94;35;0;formation sélective
94;35;0;formation sélective
94;24;0;formation sélective
94;31;0;formation sélective
94;20;2;formation sélective
94;35;1;formation sélective
94;190;75;formation sélective
94;30;0;formation sélective
94;36;0;formation sélective
94;48;0;formation sélective
94;24;0;formation sélective
94;25;4;formation sélective
94;112;54;formation sélective
94;35;1;formation sélective
94;35;0;formation sélective
94;35;0;formation sélective
94;35;5;formation sélective
94;36;2;formation sélective
95;48;5;formation sélective
95;40;35;formation sélective
95;42;40;formation sélective
95;35;0;formation sélective
95;30;1;formation sélective
95;36;0;formation sélective
95;28;0;formation sélective
95;35;0;formation sélective
95;30;2;formation sélective
95;35;0;formation sélective
95;54;25;formation sélective
95;30;0;formation sélective
95;20;0;formation sélective
95;15;10;formation sélective
95;140;14;formation non sélective
95;188;54;formation non sélective
95;145;21;formation non sélective
95;66;2;formation sélective
95;18;0;formation sélective
95;60;1;formation sélective
29;96;79;formation sélective
35;144;136;formation sélective
77;30;0;formation sélective
20;15;2;formation sélective
20;10;3;formation sélective
20;12;0;formation sélective
20;12;3;formation sélective
20;24;0;formation sélective
20;24;1;formation sélective
20;200;76;formation non sélective
20;25;4;formation non sélective
971;28;3;formation sélective
971;25;0;formation sélective
971;35;15;formation sélective
971;12;0;formation sélective
971;34;3;formation sélective
971;32;1;formation sélective
971;16;4;formation sélective
971;34;11;formation sélective
971;30;8;formation sélective
971;24;1;formation sélective
971;16;0;formation sélective
972;49;5;formation sélective
972;26;0;formation sélective
972;25;0;formation sélective
972;24;0;formation sélective
972;22;0;formation sélective
972;24;3;formation sélective
973;36;0;formation sélective
973;20;3;formation sélective
973;24;22;formation sélective
973;15;0;formation sélective
973;15;0;formation sélective
973;15;2;formation sélective
973;30;3;formation non sélective
973;120;9;formation non sélective
973;90;7;formation non sélective
974;48;21;formation sélective
974;30;0;formation sélective
974;15;0;formation sélective
974;35;0;formation sélective
974;40;28;formation sélective
974;16;1;formation sélective
974;16;3;formation sélective
974;24;2;formation sélective
974;305;46;formation non sélective
974;30;2;formation non sélective
974;200;38;formation non sélective
974;32;2;formation sélective
974;24;1;formation sélective
974;35;1;formation sélective
974;35;2;formation sélective
974;35;4;formation sélective
974;30;0;formation sélective
974;30;2;formation sélective
974;18;0;formation sélective
974;18;0;formation sélective
974;27;6;formation sélective
974;15;0;formation sélective
974;28;3;formation sélective
974;32;0;formation sélective
974;15;2;formation sélective
987;28;1;formation sélective
987;27;5;formation sélective
987;40;9;formation non sélective
987;32;7;formation sélective
74;25;1;formation sélective
47;45;6;formation sélective
64;80;11;formation non sélective
72;30;34;formation sélective
63;30;25;formation sélective
62;15;0;formation sélective
69;24;3;formation sélective
35;15;0;formation sélective
21;16;0;formation sélective
87;200;14;formation non sélective
33;38;35;formation sélective
59;120;35;formation sélective
59;120;36;formation sélective
59;157;153;formation sélective
75;40;21;formation sélective
92;28;1;formation sélective
33;650;138;formation non sélective
44;24;21;formation sélective
75;30;0;formation sélective
59;96;33;formation sélective
13;1032;368;formation non sélective
13;110;38;formation non sélective
13;150;49;formation non sélective
59;200;14;formation non sélective
59;70;21;formation sélective
34;22;0;formation sélective
49;40;13;formation non sélective
56;8;0;formation sélective
59;70;4;formation sélective
75;23;0;formation sélective
29;32;1;formation sélective
85;18;0;formation sélective
49;18;0;formation sélective
26;24;4;formation sélective
13;26;4;formation sélective
59;15;0;formation sélective
37;25;8;formation sélective
67;13;0;formation sélective
32;18;2;formation sélective
94;12;0;formation sélective
93;12;0;formation sélective
50;15;0;formation sélective
66;12;1;formation sélective
91;10;0;formation sélective
71;10;1;formation sélective
10;36;1;formation sélective
8;24;1;formation sélective
51;15;1;formation sélective
10;21;2;formation sélective
92;90;54;formation sélective
58;16;0;formation sélective
88;16;3;formation sélective
987;20;1;formation sélective
73;52;17;formation sélective
56;34;1;formation sélective
63;26;29;formation sélective
88;24;0;formation sélective
44;440;245;formation non sélective
976;30;3;formation non sélective
20;100;11;formation non sélective
69;36;12;formation non sélective
63;250;62;formation non sélective
54;50;3;formation non sélective
54;20;17;formation sélective
93;50;37;formation sélective
29;26;10;formation sélective
35;30;0;formation sélective
69;14;4;formation sélective
34;30;3;formation sélective
34;33;3;formation sélective
73;55;33;formation non sélective
974;18;0;formation sélective
85;18;0;formation sélective
63;35;32;formation sélective
46;18;0;formation sélective
75;15;0;formation sélective
86;35;17;formation sélective
92;50;1;formation sélective
57;24;1;formation sélective
22;70;1;formation sélective
67;28;1;formation sélective
81;18;2;formation sélective
17;70;54;formation non sélective
40;27;0;formation sélective
35;110;26;formation non sélective
64;100;18;formation sélective
75;24;1;formation sélective
44;35;9;formation sélective
62;35;1;formation sélective
84;20;4;formation sélective
976;28;5;formation sélective
93;90;6;formation non sélective
51;162;14;formation non sélective
51;65;23;formation non sélective
83;90;16;formation non sélective
92;21;1;formation non sélective
92;15;1;formation non sélective
35;40;7;formation sélective
64;30;2;formation non sélective
34;90;7;formation non sélective
93;92;15;formation non sélective
63;80;34;formation non sélective
57;15;0;formation sélective
971;8;4;formation sélective
93;370;61;formation non sélective
93;305;137;formation non sélective
93;210;11;formation non sélective
67;70;0;formation sélective
63;20;3;formation sélective
23;44;9;formation sélective
59;62;43;formation sélective
971;40;11;formation sélective
17;11;2;formation sélective
94;115;7;formation non sélective
75;98;58;formation non sélective
59;80;37;formation non sélective
59;70;6;formation non sélective
76;50;9;formation non sélective
6;90;11;formation non sélective
38;15;0;formation sélective
37;30;8;formation sélective
31;25;13;formation sélective
973;15;0;formation sélective
67;12;6;formation sélective
80;26;0;formation sélective
62;18;2;formation sélective
46;18;0;formation sélective
30;35;0;formation sélective
972;80;3;formation non sélective
58;15;10;formation sélective
82;35;25;formation sélective
971;18;0;formation sélective
9;18;0;formation sélective
75;75;20;formation non sélective
61;24;5;formation sélective
13;11;0;formation sélective
13;12;0;formation sélective
68;6;0;formation sélective
84;16;0;formation sélective
987;18;0;formation sélective
50;12;0;formation sélective
31;24;0;formation sélective
12;12;1;formation sélective
44;110;19;formation non sélective
84;20;8;formation sélective
13;32;1;formation sélective
59;200;24;formation non sélective
59;40;0;formation sélective
87;182;61;formation non sélective
13;200;16;formation non sélective
25;20;20;formation sélective
59;35;19;formation sélective
44;55;22;formation non sélective
971;30;0;formation sélective
44;36;25;formation sélective
31;9;0;formation sélective
75;30;19;formation sélective
75;30;25;formation sélective
72;30;29;formation sélective
973;28;5;formation sélective
80;15;0;formation sélective
21;90;45;formation non sélective
12;30;1;formation sélective
75;50;0;formation non sélective
49;90;30;formation non sélective
22;55;3;formation non sélective
31;18;6;formation sélective
85;40;5;formation sélective
13;8;0;formation sélective
59;36;15;formation sélective
46;20;3;formation sélective
10;36;0;formation sélective
82;12;1;formation sélective
92;30;0;formation sélective
972;16;1;formation sélective
29;58;5;formation non sélective
64;10;1;formation sélective
94;35;1;formation sélective
38;15;0;formation sélective
45;15;0;formation sélective
65;18;1;formation sélective
65;12;0;formation sélective
18;24;12;formation sélective
81;60;14;formation non sélective
31;1530;781;formation non sélective
24;18;0;formation sélective
38;12;3;formation sélective
64;20;1;formation non sélective
64;105;27;formation non sélective
35;180;20;formation sélective
51;70;2;formation non sélective
30;40;6;formation sélective
6;45;28;formation sélective
53;18;0;formation sélective
13;25;13;formation sélective
33;40;3;formation non sélective
25;30;1;formation sélective
51;15;0;formation sélective
69;16;1;formation non sélective
26;35;19;formation sélective
35;76;68;formation sélective
59;46;0;formation sélective
59;35;1;formation sélective
59;15;1;formation sélective
974;60;21;formation non sélective
25;10;0;formation sélective
68;20;6;formation sélective
45;15;0;formation sélective
22;12;0;formation sélective
10;60;3;formation non sélective
976;35;0;formation sélective
60;16;0;formation sélective
51;15;0;formation sélective
31;15;0;formation sélective
59;16;0;formation sélective
63;110;22;formation non sélective
91;80;17;formation non sélective
35;275;127;formation non sélective
35;40;7;formation non sélective
35;12;0;formation sélective
63;9;0;formation sélective
14;100;20;formation non sélective
14;35;6;formation non sélective
14;150;37;formation non sélective
29;40;39;formation sélective
76;35;25;formation sélective
49;55;7;formation sélective
24;15;0;formation sélective
24;24;0;formation sélective
40;10;0;formation sélective
47;24;0;formation sélective
35;920;696;formation non sélective
29;30;16;formation sélective
71;6;0;formation sélective
44;15;2;formation sélective
19;15;1;formation sélective
51;31;8;formation sélective
33;42;3;formation sélective
76;40;2;formation sélective
21;15;2;formation sélective
21;20;16;formation sélective
971;600;70;formation non sélective
974;24;21;formation sélective
75;25;18;formation sélective
72;50;28;formation sélective
59;24;0;formation sélective
59;20;0;formation sélective
67;30;6;formation non sélective
45;24;2;formation sélective
75;24;1;formation sélective
34;15;2;formation sélective
972;25;13;formation non sélective
68;25;0;formation sélective
67;27;7;formation sélective
57;24;0;formation sélective
75;50;9;formation non sélective
56;15;0;formation sélective
21;12;0;formation sélective
54;120;0;formation sélective
13;14;4;formation sélective
976;30;0;formation sélective
77;25;0;formation sélective
9;15;0;formation sélective
59;17;1;formation sélective
26;24;0;formation sélective
987;17;0;formation sélective
62;10;0;formation sélective
76;15;0;formation sélective
1;8;0;formation sélective
971;20;0;formation sélective
93;24;1;formation sélective
12;6;0;formation sélective
972;32;1;formation sélective
974;18;0;formation sélective
67;24;0;formation sélective
79;50;11;formation non sélective
13;35;1;formation non sélective
34;28;6;formation sélective
37;100;75;formation non sélective
43;18;3;formation sélective
95;30;0;formation sélective
25;16;2;formation sélective
51;60;9;formation non sélective
51;32;12;formation non sélective
34;68;38;formation non sélective
85;50;9;formation non sélective
68;90;74;formation non sélective
87;30;5;formation non sélective
38;800;0;formation sélective
69;2400;13;formation sélective
69;3200;18;formation sélective
69;2400;5;formation sélective
13;152;34;formation non sélective
6;26;0;formation sélective
51;40;3;formation non sélective
92;100;4;formation non sélective
92;185;6;formation non sélective
92;35;2;formation non sélective
59;500;471;formation non sélective
54;15;4;formation sélective
20;25;0;formation non sélective
6;35;18;formation sélective
37;16;0;formation sélective
86;12;0;formation sélective
59;50;51;formation sélective
29;12;6;formation sélective
29;8;8;formation sélective
51;40;12;formation non sélective
33;10;1;formation sélective
21;9;0;formation sélective
974;3;1;formation sélective
54;3;0;formation sélective
54;3;1;formation sélective
971;14;0;formation sélective
51;6;0;formation sélective
67;5;0;formation sélective
59;22;1;formation sélective
7;5;0;formation sélective
67;80;7;formation non sélective
67;20;0;formation non sélective
67;40;18;formation sélective
54;10;0;formation sélective
25;15;5;formation sélective
39;15;8;formation sélective
35;18;11;formation sélective
69;15;4;formation sélective
92;10;2;formation sélective
29;15;7;formation sélective
91;15;3;formation sélective
92;15;4;formation sélective
58;15;8;formation sélective
58;15;8;formation sélective
3;15;1;formation sélective
59;40;8;formation sélective
1;15;0;formation sélective
11;30;0;formation sélective
46;16;4;formation sélective
31;15;3;formation sélective
31;24;5;formation sélective
48;16;0;formation sélective
75;12;2;formation sélective
75;8;4;formation sélective
75;10;1;formation sélective
75;15;0;formation sélective
18;60;17;formation non sélective
75;12;4;formation sélective
75;12;5;formation sélective
75;6;2;formation sélective
75;15;7;formation sélective
75;120;90;formation sélective
95;15;0;formation sélective
31;15;12;formation sélective
3;10;0;formation sélective
63;12;0;formation sélective
65;12;0;formation sélective
94;14;6;formation sélective
93;16;8;formation sélective
92;8;1;formation sélective
92;10;5;formation sélective
75;14;3;formation sélective
75;12;3;formation sélective
75;15;8;formation sélective
75;6;2;formation sélective
75;15;4;formation sélective
75;8;4;formation sélective
75;12;2;formation sélective
67;18;2;formation sélective
69;24;18;formation sélective
83;3;0;formation sélective
83;3;0;formation sélective
64;24;10;formation non sélective
974;15;0;formation sélective
45;15;0;formation sélective
69;20;0;formation sélective
94;15;0;formation sélective
10;24;0;formation sélective
33;15;10;formation sélective
6;35;13;formation sélective
974;15;0;formation sélective
86;24;0;formation sélective
59;20;12;formation sélective
59;50;20;formation sélective
83;6;0;formation sélective
78;2;0;formation sélective
87;2;0;formation sélective
60;5;0;formation sélective
59;3;0;formation sélective
93;10;0;formation sélective
75;15;13;formation sélective
13;20;0;formation sélective
13;18;0;formation sélective
93;25;5;formation sélective
75;98;15;formation sélective
92;83;8;formation sélective
95;74;17;formation sélective
13;39;3;formation sélective
72;113;23;formation sélective
72;53;4;formation sélective
91;85;7;formation sélective
83;63;20;formation sélective
83;52;11;formation sélective
60;97;9;formation sélective
71;38;2;formation sélective
89;83;8;formation sélective
14;57;11;formation sélective
61;75;6;formation sélective
20;51;7;formation sélective
20;48;15;formation sélective
39;58;7;formation sélective
7;36;2;formation sélective
74;90;16;formation sélective
974;92;28;formation sélective
59;81;6;formation sélective
59;144;22;formation sélective
62;106;27;formation sélective
19;58;5;formation sélective
1;104;6;formation sélective
69;70;13;formation sélective
34;48;6;formation sélective
54;26;2;formation sélective
57;83;9;formation sélective
88;37;9;formation sélective
44;189;47;formation sélective
17;63;12;formation sélective
17;98;14;formation sélective
51;40;5;formation sélective
42;120;15;formation sélective
42;48;6;formation sélective
67;43;8;formation sélective
67;32;6;formation sélective
12;60;12;formation sélective
65;85;17;formation sélective
81;61;10;formation sélective
28;55;11;formation sélective
37;171;13;formation sélective
41;135;9;formation sélective
77;65;7;formation sélective
93;83;0;formation sélective
92;97;2;formation sélective
78;67;11;formation sélective
78;55;3;formation sélective
92;63;16;formation sélective
13;80;41;formation non sélective
33;70;3;formation non sélective
45;20;3;formation sélective
25;18;7;formation sélective
73;35;17;formation non sélective
94;10;0;formation sélective
973;75;8;formation sélective
22;85;20;formation sélective
35;49;4;formation sélective
56;95;15;formation sélective
29;89;15;formation sélective
45;200;37;formation non sélective
45;280;15;formation non sélective
74;11;1;formation sélective
42;33;3;formation sélective
63;5;2;formation sélective
63;5;1;formation sélective
63;5;0;formation sélective
62;12;0;formation sélective
86;8;0;formation sélective
51;40;28;formation non sélective
63;20;2;formation sélective
37;30;21;formation non sélective
93;100;1;formation sélective
972;8;0;formation sélective
69;15;1;formation sélective
16;14;1;formation sélective
16;15;5;formation sélective
68;26;0;formation sélective
78;90;4;formation sélective
78;20;2;formation sélective
75;15;8;formation non sélective
94;58;18;formation non sélective
6;20;6;formation sélective
75;100;14;formation sélective
75;30;7;formation sélective
39;19;0;formation sélective
84;45;2;formation sélective
64;85;28;formation sélective
6;30;1;formation sélective
75;63;37;formation non sélective
13;40;11;formation non sélective
13;15;2;formation non sélective
33;24;2;formation sélective
13;35;4;formation non sélective
7;30;0;formation sélective
75;20;12;formation non sélective
75;52;6;formation non sélective
75;95;27;formation non sélective
13;100;20;formation non sélective
13;100;18;formation non sélective
75;25;14;formation non sélective
57;15;5;formation sélective
75;14;2;formation non sélective
75;6;2;formation non sélective
85;25;1;formation sélective
75;33;1;formation non sélective
75;110;31;formation sélective
59;225;11;formation non sélective
75;35;2;formation non sélective
75;20;2;formation non sélective
59;200;18;formation non sélective
45;70;13;formation non sélective
45;50;14;formation non sélective
22;12;0;formation sélective
22;12;0;formation sélective
54;10;4;formation sélective
54;10;2;formation sélective
94;200;17;formation non sélective
49;15;0;formation sélective
44;7;7;formation sélective
49;9;1;formation sélective
987;28;1;formation sélective
14;15;8;formation sélective
14;15;9;formation sélective
26;30;0;formation sélective
26;30;1;formation sélective
75;15;0;formation non sélective
17;11;7;formation sélective
83;15;3;formation sélective
75;16;2;formation sélective
976;24;2;formation sélective
94;110;7;formation non sélective
76;16;0;formation sélective
93;26;5;formation sélective
44;50;4;formation non sélective
37;35;10;formation non sélective
52;15;5;formation sélective
51;15;11;formation sélective
92;15;11;formation sélective
92;30;26;formation sélective
35;16;0;formation sélective
77;10;2;formation sélective
57;50;41;formation sélective
91;128;9;formation sélective
59;50;46;formation sélective
14;12;0;formation sélective
94;24;0;formation sélective
59;15;5;formation sélective
94;12;0;formation sélective
77;14;0;formation sélective
75;55;6;formation non sélective
67;15;5;formation sélective
67;15;10;formation sélective
1;12;0;formation sélective
72;15;1;formation sélective
6;45;3;formation sélective
11;20;1;formation sélective
25;33;2;formation sélective
25;3;0;formation sélective
69;15;0;formation sélective
33;44;5;formation sélective
34;66;0;formation sélective
22;34;3;formation sélective
974;14;4;formation sélective
974;18;3;formation sélective
44;55;6;formation sélective
45;50;10;formation sélective
45;15;0;formation sélective
57;24;4;formation sélective
57;24;1;formation sélective
85;17;3;formation sélective
63;28;0;formation sélective
67;30;7;formation sélective
76;7;0;formation sélective
69;17;2;formation sélective
62;13;3;formation sélective
62;10;3;formation sélective
56;32;0;formation sélective
56;30;1;formation sélective
8;24;1;formation sélective
59;18;1;formation sélective
62;18;8;formation sélective
94;8;3;formation sélective
13;20;0;formation sélective
49;55;20;formation sélective
83;24;0;formation sélective
973;24;18;formation sélective
59;80;25;formation sélective
972;8;3;formation sélective
95;15;5;formation sélective
2;15;4;formation sélective
80;15;3;formation sélective
92;10;0;formation sélective
95;12;0;formation sélective
22;15;2;formation sélective
29;28;6;formation sélective
69;80;61;formation sélective
59;36;14;formation sélective
67;75;56;formation sélective
45;30;11;formation sélective
44;70;27;formation sélective
80;5;0;formation sélective
60;15;1;formation sélective
2;12;0;formation sélective
973;14;0;formation sélective
971;18;0;formation sélective
75;12;0;formation sélective
72;25;7;formation sélective
80;32;2;formation sélective
80;59;10;formation sélective
26;20;2;formation sélective
26;31;0;formation sélective
92;80;2;formation sélective
76;54;7;formation sélective
62;35;0;formation sélective
31;30;1;formation sélective
93;12;0;formation sélective
85;47;1;formation sélective
57;24;2;formation sélective
80;70;14;formation non sélective
80;45;9;formation non sélective
80;18;6;formation non sélective
971;30;0;formation sélective
77;24;1;formation sélective
32;14;0;formation sélective
972;58;1;formation sélective
71;24;0;formation sélective
86;10;3;formation sélective
45;24;0;formation sélective
51;15;0;formation sélective
31;10;0;formation sélective
43;12;0;formation sélective
77;109;32;formation sélective
51;15;0;formation sélective
43;25;2;formation sélective
987;22;0;formation sélective
987;16;0;formation sélective
75;600;560;formation sélective
75;160;158;formation sélective
35;140;94;formation sélective
59;19;8;formation sélective
59;12;7;formation sélective
31;20;18;formation sélective
94;40;45;formation sélective
83;68;42;formation sélective
83;28;10;formation sélective
83;16;0;formation sélective
56;8;0;formation sélective
56;14;0;formation sélective
33;7;6;formation sélective
33;10;0;formation sélective
80;19;5;formation sélective
91;10;8;formation sélective
62;60;20;formation sélective
87;12;0;formation sélective
21;28;5;formation sélective
92;310;252;formation sélective
33;110;79;formation sélective
34;75;23;formation sélective
58;33;10;formation sélective
76;16;11;formation sélective
59;55;15;formation sélective
75;95;9;formation sélective
35;40;9;formation sélective
44;30;3;formation sélective
34;250;121;formation sélective
31;400;176;formation sélective
6;300;209;formation sélective
75;50;16;formation sélective
75;520;67;formation sélective
75;50;18;formation sélective
75;70;21;formation sélective
44;160;26;formation sélective
69;200;72;formation sélective
75;28;16;formation sélective
974;15;0;formation sélective
14;62;13;formation sélective
13;135;56;formation sélective
83;30;14;formation sélective
75;155;45;formation sélective
83;40;13;formation sélective
33;270;150;formation sélective
69;66;20;formation sélective
47;220;57;formation non sélective
33;12;11;formation sélective
59;80;56;formation non sélective
6;285;260;formation sélective
6;40;30;formation sélective
69;130;29;formation sélective
974;180;35;formation non sélective
974;106;15;formation non sélective
974;353;67;formation non sélective
974;40;2;formation non sélective
31;24;14;formation sélective
31;50;18;formation sélective
13;10;4;formation sélective
13;10;1;formation sélective
75;260;109;formation sélective
6;50;7;formation sélective
75;33;7;formation sélective
78;39;2;formation sélective
87;25;13;formation sélective
92;50;29;formation sélective
94;28;4;formation sélective
13;20;2;formation sélective
974;410;91;formation non sélective
974;280;20;formation non sélective
35;50;4;formation non sélective
35;60;0;formation non sélective
35;60;3;formation non sélective
86;80;17;formation non sélective
47;30;7;formation non sélective
63;40;40;formation non sélective
56;20;5;formation non sélective
63;40;6;formation non sélective
56;20;3;formation non sélective
56;36;19;formation non sélective
56;44;4;formation non sélective
83;15;2;formation sélective
83;10;1;formation sélective
75;80;61;formation non sélective
972;21;15;formation non sélective
972;50;40;formation non sélective
972;50;6;formation non sélective
75;4;1;formation sélective
72;10;0;formation non sélective
972;20;1;formation non sélective
75;4;2;formation sélective
75;6;1;formation sélective
31;90;78;formation non sélective
57;15;2;formation non sélective
57;18;12;formation non sélective
87;24;12;formation non sélective
17;24;7;formation sélective
44;40;33;formation non sélective
76;24;3;formation non sélective
91;140;39;formation non sélective
69;40;5;formation non sélective
73;20;15;formation non sélective
92;35;13;formation sélective
92;12;1;formation sélective
33;5;1;formation sélective
33;3;0;formation sélective
75;15;13;formation sélective
75;15;15;formation sélective
75;15;8;formation sélective
87;12;5;formation non sélective
25;60;40;formation non sélective
25;36;11;formation non sélective
49;5;1;formation non sélective
35;200;123;formation non sélective
25;108;82;formation non sélective
971;80;40;formation non sélective
971;20;22;formation non sélective
971;40;42;formation non sélective
971;60;20;formation non sélective
92;25;19;formation sélective
6;102;33;formation non sélective
63;40;5;formation non sélective
49;55;29;formation non sélective
31;36;24;formation non sélective
31;36;11;formation non sélective
31;18;6;formation non sélective
31;36;1;formation non sélective
974;50;7;formation non sélective
95;35;18;formation non sélective
974;40;11;formation non sélective
974;120;24;formation non sélective
974;205;138;formation non sélective
29;20;0;formation non sélective
21;50;23;formation non sélective
71;15;10;formation non sélective
21;37;34;formation non sélective
87;7;0;formation sélective
37;80;56;formation non sélective
49;50;1;formation non sélective
49;160;71;formation non sélective
73;20;14;formation non sélective
62;10;5;formation non sélective
69;48;39;formation sélective
45;40;9;formation non sélective
37;40;14;formation non sélective
62;43;7;formation non sélective
42;116;64;formation non sélective
42;37;31;formation non sélective
91;35;32;formation non sélective
91;335;301;formation non sélective
58;3;3;formation non sélective
13;384;226;formation non sélective
58;6;5;formation non sélective
58;2;2;formation non sélective
44;36;11;formation non sélective
44;72;71;formation non sélective
13;179;111;formation non sélective
67;35;10;formation sélective
54;40;13;formation sélective
58;3;1;formation non sélective
34;38;18;formation sélective
13;38;22;formation sélective
6;38;21;formation sélective
58;4;4;formation non sélective
35;30;9;formation sélective
44;20;5;formation sélective
63;12;4;formation sélective
75;30;28;formation sélective
69;35;34;formation non sélective
54;220;89;formation sélective
93;25;0;formation non sélective
93;25;0;formation non sélective
71;15;0;formation sélective
29;10;7;formation non sélective
87;12;1;formation sélective
94;25;6;formation non sélective
972;25;0;formation non sélective
49;20;6;formation non sélective
49;10;9;formation non sélective
70;20;1;formation sélective
90;12;0;formation sélective
35;40;38;formation non sélective
93;2;0;formation sélective
93;3;0;formation sélective
6;15;0;formation sélective
93;10;0;formation non sélective
75;15;12;formation non sélective
75;24;24;formation sélective
25;5;0;formation sélective
13;40;22;formation non sélective
13;22;4;formation non sélective
42;60;49;formation non sélective
59;144;23;formation non sélective
974;16;0;formation sélective
13;16;3;formation non sélective
21;5;4;formation non sélective
13;12;0;formation sélective
13;12;0;formation sélective
80;20;16;formation non sélective
59;50;0;formation sélective
69;16;12;formation sélective
78;62;13;formation non sélective
80;175;31;formation non sélective
93;60;56;formation non sélective
64;35;13;formation non sélective
75;6;3;formation sélective
73;20;3;formation non sélective
86;100;31;formation non sélective
86;40;15;formation non sélective
86;35;35;formation non sélective
86;45;26;formation non sélective
86;40;11;formation non sélective
29;45;10;formation non sélective
13;15;1;formation sélective
27;35;2;formation sélective
49;15;11;formation non sélective
59;5;0;formation sélective
13;43;24;formation non sélective
59;240;75;formation non sélective
973;19;2;formation sélective
91;30;24;formation sélective
34;20;2;formation non sélective
91;30;6;formation sélective
34;95;10;formation non sélective
49;5;1;formation non sélective
49;4;1;formation non sélective
10;40;1;formation sélective
8;15;1;formation sélective
35;410;207;formation non sélective
35;120;107;formation non sélective
93;10;8;formation non sélective
64;10;5;formation sélective
77;25;18;formation non sélective
59;20;3;formation non sélective
59;80;25;formation non sélective
59;120;117;formation non sélective
59;150;68;formation non sélective
31;24;24;formation sélective
67;80;33;formation non sélective
59;160;40;formation non sélective
67;80;59;formation non sélective
67;40;15;formation non sélective
80;24;19;formation sélective
91;25;13;formation sélective
13;682;664;formation non sélective
78;7;3;formation non sélective
35;80;39;formation sélective
6;40;8;formation sélective
92;36;0;formation sélective
60;35;0;formation sélective
92;60;29;formation sélective
92;60;21;formation sélective
10;70;32;formation sélective
976;24;2;formation sélective
31;80;3;formation sélective
73;3;1;formation non sélective
73;5;0;formation non sélective
81;13;4;formation non sélective
81;30;27;formation non sélective
59;30;14;formation non sélective
83;20;0;formation sélective
78;300;260;formation non sélective
45;15;1;formation sélective
54;15;1;formation sélective
75;20;6;formation non sélective
57;26;6;formation sélective
69;12;0;formation sélective
13;12;0;formation sélective
59;200;192;formation non sélective
81;12;0;formation sélective
59;40;44;formation sélective
54;40;6;formation non sélective
93;175;136;formation non sélective
34;19;1;formation sélective
34;17;0;formation sélective
34;12;1;formation sélective
23;16;0;formation sélective
94;8;3;formation sélective
22;16;1;formation sélective
95;35;0;formation sélective
44;8;0;formation sélective
31;100;13;formation non sélective
57;12;2;formation sélective
57;20;18;formation sélective
987;17;1;formation sélective
31;60;6;formation non sélective
13;28;8;formation sélective
76;10;0;formation sélective
86;80;12;formation non sélective
49;24;6;formation sélective
53;20;10;formation sélective
33;20;8;formation sélective
84;20;5;formation non sélective
76;120;88;formation non sélective
83;25;2;formation non sélective
31;120;16;formation non sélective
75;15;9;formation sélective
31;16;3;formation sélective
86;15;2;formation sélective
93;70;3;formation non sélective
974;16;8;formation sélective
38;70;13;formation non sélective
31;275;268;formation non sélective
31;6;0;formation sélective
31;25;12;formation non sélective
31;75;65;formation non sélective
75;365;184;formation non sélective
75;320;197;formation non sélective
973;15;0;formation sélective
26;263;96;formation non sélective
75;15;9;formation non sélective
75;25;11;formation non sélective
75;100;91;formation non sélective
38;10;0;formation non sélective
976;29;1;formation sélective
33;160;74;formation non sélective
33;145;67;formation non sélective
87;18;5;formation non sélective
33;80;57;formation non sélective
69;130;43;formation sélective
21;30;5;formation non sélective
76;59;69;formation sélective
33;5;0;formation sélective
95;20;20;formation sélective
95;28;30;formation sélective
95;13;12;formation sélective
78;67;66;formation sélective
13;16;13;formation sélective
33;24;3;formation sélective
63;24;7;formation sélective
63;35;10;formation sélective
77;30;2;formation sélective
77;40;17;formation sélective
93;30;10;formation sélective
26;8;0;formation sélective
69;20;8;formation sélective
976;24;11;formation sélective
6;48;32;formation sélective
14;24;6;formation sélective
76;48;42;formation sélective
45;48;8;formation sélective
45;48;28;formation sélective
75;48;25;formation sélective
75;90;87;formation sélective
22;48;16;formation sélective
67;72;47;formation sélective
81;24;15;formation sélective
92;42;40;formation sélective
59;40;38;formation sélective
92;24;4;formation sélective
33;24;6;formation sélective
33;33;32;formation sélective
67;24;15;formation sélective
974;12;6;formation sélective
59;40;40;formation sélective
68;12;0;formation sélective
63;24;21;formation sélective
92;24;6;formation sélective
59;30;18;formation sélective
69;18;18;formation sélective
35;25;24;formation sélective
31;24;24;formation sélective
54;24;24;formation sélective
75;24;25;formation sélective
75;65;69;formation sélective
63;24;25;formation sélective
69;18;14;formation sélective
974;12;12;formation sélective
6;48;46;formation sélective
75;48;43;formation sélective
59;24;18;formation sélective
80;24;1;formation sélective
67;28;7;formation sélective
87;24;24;formation sélective
51;48;38;formation sélective
33;100;4;formation sélective
38;60;59;formation non sélective
38;185;21;formation non sélective
38;70;45;formation non sélective
34;40;18;formation non sélective
69;25;20;formation sélective
59;90;19;formation sélective
66;10;4;formation non sélective
69;30;12;formation non sélective
20;100;23;formation non sélective
31;18;5;formation non sélective
79;50;13;formation non sélective
31;36;30;formation sélective
83;25;20;formation non sélective
30;42;37;formation non sélective
34;90;60;formation non sélective
34;56;21;formation non sélective
34;128;113;formation non sélective
31;24;11;formation sélective
17;80;22;formation sélective
38;135;35;formation non sélective
38;210;83;formation non sélective
38;95;27;formation non sélective
75;80;9;formation sélective
34;50;43;formation non sélective
84;40;15;formation non sélective
14;50;32;formation sélective
92;50;65;formation sélective
75;50;3;formation sélective
75;30;0;formation sélective
75;30;4;formation sélective
99;20;11;formation sélective
59;200;264;formation sélective
37;40;15;formation non sélective
37;170;109;formation non sélective
44;40;18;formation non sélective
44;164;57;formation non sélective
44;130;43;formation non sélective
44;18;13;formation non sélective
74;25;5;formation non sélective
971;32;1;formation sélective
971;32;1;formation sélective
974;30;22;formation non sélective
37;10;5;formation sélective
44;48;47;formation sélective
37;48;48;formation sélective
75;48;40;formation sélective
75;20;5;formation sélective
8;16;3;formation non sélective
85;40;39;formation sélective
75;150;33;formation sélective
69;110;33;formation sélective
59;30;18;formation sélective
83;25;3;formation sélective
49;40;12;formation sélective
7;24;1;formation sélective
976;90;4;formation sélective
75;6;3;formation non sélective
77;20;6;formation non sélective
49;35;13;formation sélective
74;12;12;formation sélective
34;20;7;formation non sélective
87;10;0;formation sélective
26;14;0;formation sélective
92;30;9;formation non sélective
75;55;32;formation non sélective
62;15;0;formation sélective
62;15;4;formation sélective
99;20;0;formation sélective
78;82;42;formation non sélective
78;15;10;formation non sélective
76;36;21;formation non sélective
49;20;3;formation sélective
94;30;10;formation non sélective
62;10;1;formation sélective
78;26;17;formation sélective
59;15;4;formation sélective
971;18;0;formation sélective
974;6;0;formation sélective
62;20;0;formation sélective
76;26;10;formation sélective
74;18;0;formation sélective
85;18;3;formation sélective
13;24;2;formation sélective
47;8;0;formation sélective
59;24;0;formation sélective
71;12;0;formation sélective
68;20;9;formation sélective
78;3;1;formation sélective
971;25;1;formation sélective
69;7;2;formation sélective
52;18;3;formation sélective
29;31;5;formation sélective
59;15;0;formation sélective
90;15;0;formation sélective
972;15;0;formation sélective
976;30;4;formation non sélective
91;12;0;formation sélective
60;30;0;formation sélective
53;24;0;formation sélective
13;30;10;formation non sélective
64;35;30;formation non sélective
62;60;2;formation sélective
60;15;1;formation sélective
92;40;1;formation sélective
67;40;0;formation sélective
59;30;3;formation sélective
94;16;0;formation sélective
65;18;0;formation sélective
82;24;0;formation sélective
59;24;1;formation sélective
67;37;3;formation sélective
93;12;0;formation sélective
13;15;0;formation sélective
40;12;0;formation sélective
83;24;1;formation sélective
974;12;0;formation sélective
987;12;0;formation sélective
30;15;0;formation sélective
22;15;4;formation sélective
26;15;0;formation sélective
14;18;1;formation sélective
34;28;12;formation sélective
67;12;0;formation sélective
80;15;0;formation sélective
75;16;0;formation sélective
31;12;0;formation sélective
31;12;0;formation sélective
57;130;25;formation non sélective
75;2;2;formation sélective
10;18;1;formation sélective
29;2;4;formation sélective
49;50;12;formation sélective
51;10;2;formation sélective
51;10;1;formation sélective
78;24;0;formation sélective
49;3;0;formation sélective
49;5;0;formation sélective
13;3;0;formation sélective
29;2;0;formation sélective
86;80;12;formation non sélective
93;2;0;formation sélective
44;3;0;formation sélective
49;7;0;formation sélective
64;17;30;formation sélective
64;3;0;formation sélective
92;80;112;formation sélective
17;25;5;formation sélective
69;5;0;formation non sélective
69;5;0;formation non sélective
69;33;12;formation non sélective
69;5;0;formation non sélective
69;11;2;formation non sélective
69;2;0;formation non sélective
69;42;38;formation non sélective
69;29;2;formation non sélective
69;37;17;formation non sélective
69;50;31;formation non sélective
69;21;11;formation non sélective
69;122;52;formation non sélective
69;29;19;formation non sélective
69;21;15;formation non sélective
69;69;15;formation non sélective
59;30;15;formation non sélective
86;30;21;formation sélective
14;5;0;formation non sélective
974;12;0;formation sélective
69;36;30;formation sélective
69;16;0;formation non sélective
69;16;4;formation non sélective
69;63;34;formation non sélective
69;67;31;formation non sélective
69;33;25;formation non sélective
35;22;21;formation non sélective
76;160;56;formation non sélective
87;30;11;formation sélective
20;20;1;formation sélective
29;15;1;formation non sélective
17;10;9;formation sélective
17;10;6;formation sélective
59;510;201;formation non sélective
59;70;40;formation non sélective
54;50;15;formation non sélective
31;54;14;formation non sélective
42;10;3;formation non sélective
42;16;1;formation non sélective
42;16;7;formation non sélective
42;16;2;formation non sélective
42;40;4;formation non sélective
29;40;3;formation non sélective
67;30;8;formation sélective
67;10;0;formation sélective
42;135;42;formation non sélective
49;10;0;formation non sélective
974;10;2;formation sélective
21;30;6;formation non sélective
26;60;8;formation non sélective
26;5;0;formation non sélective
79;19;1;formation sélective
44;70;64;formation sélective
49;15;6;formation sélective
25;10;2;formation sélective
21;10;3;formation sélective
21;10;2;formation sélective
69;50;5;formation non sélective
69;20;16;formation sélective
21;17;0;formation sélective
6;20;11;formation sélective
64;10;0;formation sélective
74;10;5;formation sélective
80;30;7;formation non sélective
77;35;13;formation non sélective
62;36;20;formation non sélective
86;35;19;formation non sélective
29;10;5;formation non sélective
29;25;16;formation non sélective
92;30;10;formation non sélective
3;35;16;formation non sélective
31;7;0;formation sélective
54;35;46;formation sélective
62;40;0;formation sélective
95;30;21;formation sélective
20;12;0;formation sélective
75;30;12;formation non sélective
94;35;21;formation sélective
33;30;8;formation sélective
68;15;12;formation sélective
94;40;37;formation sélective
94;70;40;formation sélective
76;190;27;formation non sélective
987;16;0;formation sélective
92;30;2;formation sélective
47;12;0;formation sélective
51;40;5;formation non sélective
79;40;27;formation non sélective
14;40;10;formation non sélective
12;154;78;formation non sélective
87;40;10;formation sélective
56;15;0;formation sélective
78;5;0;formation sélective
78;50;0;formation sélective
87;12;0;formation sélective
72;4;1;formation sélective
49;25;3;formation sélective
93;21;4;formation sélective
56;10;4;formation sélective
56;36;11;formation non sélective
56;25;5;formation non sélective
63;40;34;formation non sélective
95;24;0;formation sélective
37;15;0;formation sélective
92;15;0;formation sélective
57;12;0;formation sélective
62;15;0;formation sélective
27;15;0;formation sélective
974;48;12;formation sélective
14;40;25;formation sélective
972;50;46;formation non sélective
75;50;1;formation sélective
34;25;9;formation sélective
83;12;0;formation sélective
59;32;3;formation sélective
69;15;1;formation sélective
2;18;0;formation sélective
13;30;20;formation sélective
75;20;12;formation sélective
69;30;0;formation sélective
52;12;0;formation sélective
69;12;1;formation sélective
31;15;1;formation sélective
52;19;0;formation sélective
55;19;0;formation sélective
67;19;0;formation sélective
69;3;0;formation sélective
38;5;0;formation sélective
69;2;0;formation sélective
38;2;0;formation sélective
54;25;1;formation sélective
31;1;0;formation sélective
12;1;0;formation sélective
92;24;0;formation sélective
60;3;0;formation sélective
82;24;0;formation sélective
35;24;27;formation sélective
62;40;0;formation sélective
33;25;1;formation sélective
34;25;26;formation sélective
37;150;143;formation sélective
42;64;56;formation sélective
44;144;135;formation sélective
54;140;127;formation sélective
54;40;62;formation sélective
75;145;130;formation sélective
91;130;128;formation sélective
10;290;276;formation sélective
90;280;255;formation sélective
35;205;198;formation sélective
69;690;674;formation sélective
87;60;53;formation sélective
59;71;97;formation sélective
75;100;90;formation sélective
78;50;5;formation sélective
94;225;245;formation sélective
94;20;16;formation sélective
72;45;29;formation sélective
94;220;264;formation sélective
94;180;198;formation sélective
64;32;30;formation sélective
81;28;11;formation sélective
94;120;115;formation sélective
29;18;7;formation sélective
1;45;25;formation sélective
1;45;16;formation sélective
1;15;0;formation sélective
1;70;20;formation sélective
1;54;17;formation sélective
1;130;77;formation non sélective
2;33;0;formation sélective
2;15;9;formation sélective
2;15;2;formation sélective
2;35;2;formation sélective
2;40;11;formation non sélective
2;68;7;formation sélective
2;42;1;formation sélective
2;30;0;formation sélective
2;10;0;formation sélective
3;15;0;formation sélective
3;29;0;formation sélective
3;35;0;formation sélective
3;34;3;formation sélective
3;15;3;formation sélective
3;18;1;formation sélective
3;19;0;formation sélective
3;19;0;formation sélective
3;52;4;formation sélective
3;48;8;formation sélective
3;30;0;formation sélective
3;29;3;formation sélective
4;24;0;formation sélective
4;24;1;formation sélective
4;24;2;formation sélective
6;48;26;formation sélective
6;8;5;formation sélective
6;24;5;formation sélective
6;24;3;formation sélective
6;24;1;formation sélective
6;30;0;formation sélective
6;35;10;formation sélective
6;35;13;formation sélective
6;96;65;formation sélective
6;105;15;formation sélective
6;30;0;formation sélective
6;37;20;formation sélective
6;48;24;formation sélective
6;27;0;formation sélective
6;22;3;formation sélective
6;63;41;formation sélective
6;135;26;formation non sélective
6;100;16;formation non sélective
6;24;2;formation sélective
6;48;48;formation sélective
7;34;1;formation sélective
7;24;0;formation sélective
7;28;8;formation sélective
7;24;0;formation sélective
8;36;0;formation sélective
8;30;0;formation sélective
8;9;0;formation sélective
8;24;2;formation sélective
8;36;3;formation sélective
10;24;3;formation sélective
10;30;0;formation sélective
10;36;2;formation sélective
10;24;0;formation sélective
10;52;10;formation sélective
10;104;25;formation sélective
10;32;1;formation sélective
11;35;3;formation sélective
11;27;3;formation sélective
11;30;0;formation sélective
11;42;6;formation sélective
11;60;19;formation sélective
11;32;10;formation sélective
11;20;0;formation sélective
12;24;1;formation sélective
12;18;0;formation sélective
12;26;4;formation sélective
12;33;0;formation sélective
12;30;0;formation sélective
12;60;2;formation sélective
12;15;0;formation sélective
12;14;4;formation sélective
12;20;13;formation non sélective
13;24;0;formation sélective
13;35;1;formation sélective
13;24;1;formation sélective
13;96;87;formation sélective
13;30;2;formation sélective
13;16;0;formation sélective
13;24;2;formation sélective
13;24;3;formation sélective
13;96;89;formation sélective
13;35;1;formation sélective
13;30;2;formation sélective
13;15;1;formation sélective
13;15;0;formation sélective
13;30;5;formation sélective
13;35;0;formation sélective
13;36;0;formation sélective
13;36;10;formation sélective
13;24;0;formation sélective
13;36;2;formation sélective
13;39;0;formation sélective
13;15;1;formation sélective
13;35;1;formation sélective
13;35;2;formation sélective
13;48;35;formation sélective
13;38;0;formation sélective
13;38;0;formation sélective
13;32;0;formation sélective
13;24;2;formation sélective
13;28;6;formation sélective
13;17;0;formation sélective
13;40;1;formation sélective
13;23;22;formation sélective
13;36;5;formation sélective
13;75;3;formation sélective
13;60;22;formation sélective
13;96;36;formation sélective
13;56;24;formation sélective
13;135;60;formation sélective
13;56;27;formation sélective
13;135;45;formation sélective
13;25;1;formation non sélective
13;255;88;formation non sélective
13;70;6;formation non sélective
13;105;11;formation non sélective
13;35;7;formation non sélective
13;78;32;formation non sélective
13;35;10;formation sélective
13;35;3;formation sélective
13;36;6;formation sélective
13;33;19;formation sélective
14;24;0;formation sélective
14;24;0;formation sélective
14;15;0;formation sélective
14;130;55;formation sélective
14;24;0;formation sélective
14;35;12;formation non sélective
14;290;128;formation non sélective
14;320;153;formation non sélective
14;200;31;formation non sélective
14;150;22;formation non sélective
14;24;6;formation sélective
14;32;5;formation sélective
14;35;0;formation sélective
14;30;25;formation sélective
14;24;0;formation sélective
14;12;0;formation sélective
14;56;22;formation sélective
15;15;0;formation sélective
15;35;1;formation sélective
15;18;1;formation sélective
15;14;1;formation sélective
15;14;1;formation sélective
15;84;7;formation sélective
16;48;32;formation sélective
16;24;0;formation sélective
16;30;1;formation sélective
16;24;1;formation sélective
16;12;0;formation sélective
16;24;1;formation sélective
16;12;5;formation sélective
16;12;5;formation sélective
16;12;6;formation sélective
17;15;0;formation sélective
17;28;1;formation sélective
17;24;2;formation sélective
17;24;0;formation sélective
17;20;0;formation sélective
17;30;4;formation sélective
17;36;16;formation sélective
17;8;1;formation sélective
17;48;13;formation sélective
17;33;9;formation non sélective
17;113;36;formation non sélective
18;14;0;formation sélective
18;22;0;formation sélective
18;18;1;formation sélective
18;24;1;formation sélective
18;150;46;formation non sélective
19;35;1;formation sélective
19;24;10;formation sélective
19;20;1;formation sélective
19;55;6;formation sélective
19;94;42;formation sélective
19;24;0;formation sélective
19;80;24;formation non sélective
21;36;5;formation sélective
21;96;95;formation sélective
21;95;83;formation sélective
21;24;0;formation sélective
21;24;4;formation sélective
21;24;1;formation sélective
21;24;0;formation sélective
21;24;10;formation sélective
21;15;0;formation sélective
21;24;2;formation sélective
21;28;0;formation sélective
21;36;4;formation sélective
21;33;1;formation sélective
21;34;0;formation sélective
21;168;45;formation sélective
21;50;5;formation non sélective
21;465;193;formation non sélective
21;475;285;formation non sélective
21;24;0;formation sélective
21;24;1;formation sélective
21;15;0;formation sélective
22;35;2;formation sélective
22;35;1;formation sélective
22;35;11;formation sélective
22;24;1;formation sélective
22;35;0;formation sélective
22;30;4;formation sélective
22;35;0;formation sélective
22;104;65;formation sélective
22;24;0;formation sélective
22;16;0;formation sélective
22;110;22;formation non sélective
22;55;12;formation non sélective
22;84;37;formation sélective
23;33;2;formation sélective
23;15;0;formation sélective
24;24;3;formation sélective
24;28;0;formation sélective
24;52;25;formation sélective
24;56;14;formation sélective
25;31;0;formation sélective
25;35;1;formation sélective
25;35;6;formation sélective
25;40;30;formation sélective
25;24;1;formation sélective
25;12;4;formation sélective
25;11;7;formation sélective
25;35;10;formation sélective
25;24;1;formation sélective
25;34;10;formation sélective
25;38;6;formation sélective
25;380;119;formation non sélective
25;199;54;formation non sélective
25;80;19;formation non sélective
25;140;18;formation non sélective
25;32;13;formation sélective
25;24;0;formation sélective
25;24;1;formation sélective
25;24;0;formation sélective
26;32;1;formation sélective
26;34;1;formation sélective
26;24;1;formation sélective
26;45;22;formation sélective
26;30;17;formation sélective
26;14;0;formation sélective
26;78;36;formation sélective
27;48;8;formation sélective
27;24;0;formation sélective
27;30;2;formation sélective
27;84;16;formation sélective
27;28;6;formation sélective
28;48;18;formation sélective
28;18;0;formation sélective
28;28;2;formation sélective
28;16;0;formation sélective
28;16;0;formation sélective
28;34;5;formation sélective
28;34;3;formation sélective
29;26;0;formation sélective
29;26;1;formation sélective
29;22;0;formation sélective
29;35;2;formation sélective
29;24;0;formation sélective
29;15;0;formation sélective
29;28;0;formation sélective
29;30;0;formation sélective
29;35;0;formation sélective
29;15;0;formation sélective
29;35;0;formation sélective
29;76;24;formation sélective
29;30;0;formation sélective
29;35;8;formation sélective
29;120;15;formation non sélective
29;80;4;formation non sélective
29;180;14;formation non sélective
29;20;9;formation sélective
29;66;27;formation sélective
29;75;13;formation non sélective
30;48;33;formation sélective
30;35;6;formation sélective
30;35;0;formation sélective
30;15;0;formation sélective
30;45;34;formation sélective
30;42;14;formation sélective
30;20;0;formation sélective
30;64;4;formation sélective
30;16;0;formation sélective
30;24;0;formation sélective
30;400;75;formation non sélective
30;19;1;formation sélective
31;22;0;formation sélective
31;15;3;formation sélective
31;12;0;formation sélective
31;34;4;formation sélective
31;40;37;formation sélective
31;70;1;formation sélective
31;70;6;formation sélective
31;120;15;formation non sélective
31;120;3;formation non sélective
31;162;66;formation sélective
31;232;73;formation sélective
31;102;55;formation sélective
31;70;3;formation sélective
31;24;20;formation sélective
31;35;0;formation sélective
31;740;174;formation non sélective
31;530;210;formation non sélective
31;30;0;formation non sélective
31;40;23;formation sélective
31;70;1;formation non sélective
31;124;70;formation non sélective
31;17;2;formation sélective
31;28;2;formation sélective
31;34;2;formation sélective
31;24;3;formation sélective
32;35;0;formation sélective
32;15;0;formation sélective
32;50;24;formation sélective
33;30;1;formation sélective
33;28;13;formation sélective
33;48;32;formation sélective
33;36;6;formation sélective
33;70;13;formation sélective
33;70;1;formation sélective
33;34;0;formation sélective
33;35;1;formation sélective
33;30;0;formation sélective
33;30;16;formation sélective
33;34;19;formation sélective
33;68;25;formation sélective
33;34;5;formation sélective
33;33;7;formation sélective
33;35;11;formation sélective
33;130;27;formation non sélective
33;190;35;formation non sélective
33;118;93;formation sélective
33;19;2;formation sélective
33;42;1;formation sélective
33;24;1;formation sélective
33;35;2;formation sélective
33;34;1;formation sélective
33;37;0;formation sélective
34;18;0;formation sélective
34;96;93;formation sélective
34;45;34;formation sélective
34;30;0;formation sélective
34;53;1;formation sélective
34;36;0;formation sélective
34;35;1;formation sélective
34;14;0;formation sélective
34;120;52;formation sélective
34;110;50;formation sélective
34;17;2;formation sélective
34;32;1;formation sélective
34;25;4;formation sélective
34;260;91;formation non sélective
34;18;10;formation sélective
34;220;67;formation non sélective
34;655;248;formation non sélective
34;120;31;formation non sélective
34;27;1;formation non sélective
34;10;3;formation non sélective
34;238;54;formation non sélective
34;20;1;formation sélective
34;24;0;formation sélective
34;48;19;formation sélective
34;72;27;formation sélective
34;33;1;formation sélective
34;85;5;formation non sélective
34;125;26;formation non sélective
35;36;14;formation sélective
35;15;0;formation sélective
35;15;0;formation sélective
35;24;0;formation sélective
35;35;1;formation sélective
35;35;12;formation sélective
35;30;0;formation sélective
35;35;3;formation sélective
35;45;45;formation sélective
35;30;0;formation sélective
35;35;1;formation sélective
35;10;0;formation sélective
35;30;0;formation sélective
35;24;0;formation sélective
35;35;8;formation sélective
35;104;53;formation sélective
35;32;3;formation sélective
35;35;2;formation sélective
35;24;0;formation sélective
35;35;3;formation sélective
35;35;17;formation sélective
22;85;20;formation non sélective
35;40;2;formation non sélective
35;40;4;formation non sélective
35;80;0;formation non sélective
35;40;8;formation non sélective
35;300;125;formation non sélective
35;130;39;formation non sélective
35;24;1;formation sélective
35;35;3;formation sélective
35;43;40;formation sélective
36;15;0;formation sélective
36;15;0;formation sélective
36;17;0;formation sélective
36;45;9;formation non sélective
36;70;18;formation sélective
37;96;93;formation sélective
37;48;48;formation sélective
37;33;3;formation sélective
37;36;0;formation sélective
37;24;0;formation sélective
37;38;1;formation sélective
37;30;2;formation sélective
37;40;8;formation sélective
37;188;93;formation sélective
37;52;7;formation sélective
37;80;18;formation non sélective
37;145;41;formation non sélective
37;48;38;formation sélective
38;96;86;formation sélective
38;28;1;formation sélective
38;48;7;formation sélective
38;32;2;formation sélective
38;34;3;formation sélective
38;23;0;formation sélective
38;32;0;formation sélective
38;120;53;formation sélective
38;122;27;formation sélective
38;109;39;formation sélective
38;30;1;formation sélective
38;24;1;formation sélective
38;115;67;formation sélective
38;56;27;formation sélective
38;26;3;formation sélective
38;54;28;formation sélective
38;26;8;formation sélective
38;30;1;formation sélective
38;30;3;formation non sélective
38;120;9;formation non sélective
38;20;2;formation non sélective
38;160;52;formation non sélective
38;30;1;formation sélective
38;10;7;formation sélective
38;34;1;formation sélective
38;34;5;formation sélective
38;14;2;formation sélective
38;15;1;formation sélective
39;25;0;formation sélective
39;24;6;formation sélective
39;28;2;formation sélective
40;35;0;formation sélective
40;52;18;formation sélective
40;35;1;formation sélective
41;14;0;formation sélective
41;24;0;formation sélective
41;34;4;formation sélective
41;24;2;formation sélective
41;20;1;formation sélective
41;20;2;formation sélective
41;34;1;formation sélective
41;32;10;formation sélective
41;52;18;formation sélective
42;24;2;formation sélective
42;24;0;formation sélective
42;24;1;formation sélective
42;32;2;formation sélective
42;92;32;formation sélective
42;28;1;formation sélective
42;15;0;formation sélective
42;30;9;formation sélective
42;60;1;formation sélective
42;30;2;formation non sélective
42;45;4;formation non sélective
42;170;28;formation non sélective
42;45;7;formation sélective
43;15;0;formation sélective
43;18;0;formation sélective
43;30;4;formation sélective
43;32;6;formation sélective
43;54;13;formation sélective
43;15;1;formation sélective
44;48;48;formation sélective
44;90;84;formation sélective
44;24;0;formation sélective
44;24;0;formation sélective
44;15;3;formation sélective
44;28;4;formation sélective
44;10;0;formation sélective
44;30;1;formation sélective
44;53;0;formation sélective
44;35;6;formation sélective
44;48;47;formation sélective
44;48;32;formation sélective
44;35;0;formation sélective
44;33;1;formation sélective
44;33;0;formation sélective
44;48;2;formation sélective
44;70;7;formation sélective
44;18;1;formation sélective
44;34;0;formation sélective
44;34;3;formation sélective
44;15;0;formation sélective
44;52;9;formation sélective
44;96;12;formation sélective
44;35;1;formation non sélective
44;150;25;formation non sélective
44;550;265;formation non sélective
44;600;355;formation non sélective
44;51;5;formation sélective
44;32;2;formation sélective
44;15;0;formation sélective
44;35;11;formation sélective
44;35;13;formation sélective
44;35;4;formation sélective
45;24;1;formation sélective
45;15;0;formation sélective
45;27;1;formation sélective
45;30;0;formation sélective
45;97;47;formation sélective
45;50;10;formation sélective
45;25;0;formation sélective
45;28;0;formation sélective
45;36;1;formation sélective
45;30;10;formation sélective
45;12;0;formation sélective
45;36;14;formation sélective
46;15;0;formation sélective
46;15;0;formation sélective
46;72;14;formation sélective
47;27;1;formation sélective
47;35;1;formation sélective
47;40;0;formation sélective
47;80;16;formation non sélective
47;52;13;formation sélective
48;18;0;formation sélective
48;26;1;formation sélective
48;40;1;formation sélective
49;24;1;formation sélective
49;15;0;formation sélective
49;30;3;formation sélective
49;35;0;formation sélective
49;23;1;formation sélective
49;140;105;formation non sélective
49;25;0;formation non sélective
49;10;0;formation sélective
49;18;0;formation sélective
49;75;34;formation non sélective
49;44;2;formation sélective
50;48;43;formation sélective
50;35;1;formation sélective
50;12;0;formation sélective
50;35;0;formation sélective
50;24;0;formation sélective
50;24;2;formation sélective
50;12;5;formation sélective
50;48;20;formation sélective
51;40;41;formation sélective
51;48;29;formation sélective
51;30;0;formation sélective
51;36;3;formation sélective
51;35;6;formation sélective
51;15;1;formation sélective
51;36;0;formation sélective
51;36;0;formation sélective
51;120;56;formation sélective
51;135;36;formation sélective
51;22;2;formation sélective
51;60;9;formation non sélective
51;70;1;formation non sélective
51;36;0;formation sélective
51;53;4;formation sélective
53;32;2;formation sélective
53;24;1;formation sélective
53;70;0;formation sélective
53;18;2;formation sélective
53;35;4;formation sélective
53;38;0;formation sélective
54;96;87;formation sélective
54;32;0;formation sélective
54;34;0;formation sélective
54;35;0;formation sélective
54;40;34;formation sélective
54;15;0;formation sélective
54;28;11;formation sélective
54;56;30;formation sélective
54;56;22;formation sélective
54;19;0;formation sélective
54;35;2;formation sélective
54;320;44;formation non sélective
54;95;82;formation non sélective
54;60;4;formation non sélective
54;80;13;formation non sélective
54;230;110;formation non sélective
54;45;9;formation non sélective
54;30;1;formation sélective
54;24;0;formation sélective
54;15;0;formation sélective
54;35;0;formation sélective
54;35;4;formation sélective
54;24;2;formation sélective
55;24;1;formation sélective
56;32;0;formation sélective
56;35;0;formation sélective
56;30;0;formation sélective
56;28;2;formation sélective
56;35;6;formation sélective
56;35;1;formation sélective
56;35;5;formation sélective
56;35;0;formation sélective
56;16;0;formation sélective
56;24;0;formation sélective
56;67;14;formation sélective
56;52;6;formation sélective
56;35;0;formation sélective
56;35;1;formation sélective
56;29;4;formation sélective
56;15;0;formation sélective
57;24;0;formation sélective
57;30;7;formation sélective
57;24;0;formation sélective
57;96;88;formation sélective
57;84;65;formation sélective
57;35;2;formation sélective
57;15;0;formation sélective
57;15;0;formation sélective
57;35;1;formation sélective
57;15;0;formation sélective
57;32;2;formation sélective
57;15;0;formation sélective
57;158;62;formation sélective
57;35;1;formation sélective
57;24;16;formation sélective
57;24;0;formation sélective
57;24;0;formation sélective
57;35;1;formation sélective
57;160;36;formation non sélective
57;164;57;formation non sélective
57;122;43;formation non sélective
57;140;17;formation non sélective
57;15;0;formation sélective
57;15;1;formation sélective
57;59;1;formation sélective
57;6;4;formation sélective
57;6;2;formation sélective
57;6;4;formation sélective
58;24;0;formation sélective
58;19;0;formation sélective
59;23;0;formation sélective
59;18;0;formation sélective
59;18;3;formation sélective
59;35;0;formation sélective
59;36;4;formation sélective
59;15;0;formation sélective
59;18;1;formation sélective
59;22;1;formation sélective
59;33;1;formation sélective
59;30;0;formation sélective
59;45;1;formation sélective
59;15;0;formation sélective
59;17;1;formation sélective
59;35;1;formation sélective
59;48;51;formation sélective
59;15;0;formation sélective
59;30;1;formation sélective
59;30;3;formation sélective
59;26;8;formation sélective
59;13;6;formation sélective
59;32;1;formation sélective
59;30;2;formation sélective
59;35;1;formation sélective
59;59;1;formation sélective
59;48;0;formation sélective
59;35;1;formation sélective
59;35;1;formation sélective
59;70;6;formation sélective
59;445;142;formation non sélective
59;86;19;formation sélective
59;34;8;formation sélective
59;42;14;formation sélective
59;24;1;formation sélective
59;27;4;formation sélective
59;45;1;formation sélective
59;35;5;formation sélective
59;20;2;formation sélective
59;35;0;formation sélective
59;24;0;formation sélective
59;30;4;formation sélective
59;162;41;formation sélective
59;38;0;formation sélective
59;30;0;formation sélective
59;48;32;formation sélective
59;36;1;formation sélective
59;30;1;formation sélective
59;90;2;formation non sélective
59;40;7;formation non sélective
59;180;29;formation non sélective
59;40;0;formation non sélective
59;25;1;formation non sélective
59;40;3;formation non sélective
59;45;21;formation sélective
59;60;15;formation non sélective
59;25;0;formation sélective
59;16;8;formation sélective
59;80;25;formation sélective
59;20;0;formation sélective
59;15;1;formation sélective
59;34;7;formation sélective
59;30;0;formation sélective
59;30;1;formation sélective
62;72;32;formation sélective
59;180;56;formation non sélective
59;36;6;formation non sélective
59;100;6;formation sélective
59;30;0;formation sélective
59;35;0;formation sélective
60;33;0;formation sélective
60;32;1;formation sélective
60;48;20;formation sélective
60;12;0;formation sélective
60;24;0;formation sélective
60;30;1;formation sélective
60;32;0;formation sélective
60;24;5;formation sélective
60;16;0;formation sélective
60;17;0;formation sélective
60;45;6;formation sélective
60;35;1;formation sélective
60;18;0;formation sélective
60;80;8;formation sélective
60;70;1;formation sélective
60;80;16;formation sélective
61;15;0;formation sélective
61;6;0;formation sélective
61;24;0;formation sélective
61;15;2;formation sélective
61;6;0;formation sélective
61;52;8;formation sélective
62;48;8;formation sélective
62;32;0;formation sélective
62;35;1;formation sélective
62;35;0;formation sélective
62;35;1;formation sélective
62;35;1;formation sélective
62;32;0;formation sélective
62;15;0;formation sélective
62;32;1;formation sélective
62;32;0;formation sélective
62;30;4;formation sélective
62;35;4;formation sélective
62;180;43;formation non sélective
62;24;0;formation sélective
62;30;6;formation sélective
62;18;0;formation sélective
62;26;0;formation sélective
62;25;1;formation sélective
62;38;1;formation sélective
62;22;1;formation sélective
62;25;1;formation sélective
62;52;11;formation sélective
62;52;26;formation sélective
62;35;4;formation sélective
62;173;102;formation non sélective
62;213;86;formation non sélective
62;183;44;formation sélective
62;56;12;formation sélective
62;30;8;formation sélective
62;30;0;formation sélective
63;24;0;formation sélective
63;70;3;formation sélective
63;35;1;formation sélective
63;24;14;formation sélective
63;24;0;formation sélective
63;6;0;formation sélective
63;70;0;formation sélective
63;24;0;formation sélective
63;27;1;formation sélective
63;124;77;formation sélective
63;52;21;formation sélective
63;26;0;formation sélective
63;32;19;formation sélective
63;25;0;formation sélective
63;22;1;formation sélective
63;15;2;formation sélective
64;29;2;formation sélective
64;13;8;formation sélective
64;35;3;formation sélective
64;16;0;formation sélective
64;24;1;formation sélective
64;95;36;formation non sélective
64;80;6;formation non sélective
64;200;117;formation non sélective
64;32;4;formation sélective
64;103;43;formation sélective
64;103;48;formation sélective
64;15;0;formation sélective
64;48;8;formation sélective
64;40;6;formation non sélective
64;35;1;formation sélective
64;32;5;formation sélective
64;20;0;formation sélective
64;90;0;formation sélective
64;54;18;formation sélective
65;24;0;formation sélective
65;24;1;formation sélective
65;24;0;formation sélective
65;135;53;formation sélective
66;48;41;formation sélective
66;12;0;formation sélective
66;36;6;formation sélective
66;150;20;formation non sélective
66;65;14;formation non sélective
66;72;11;formation sélective
66;24;4;formation sélective
66;56;9;formation sélective
66;39;16;formation sélective
66;19;0;formation sélective
66;35;0;formation sélective
66;160;61;formation non sélective
67;35;0;formation sélective
67;32;0;formation sélective
67;48;45;formation sélective
67;30;3;formation sélective
67;35;6;formation sélective
67;24;0;formation sélective
67;15;2;formation sélective
67;36;0;formation sélective
67;36;0;formation sélective
67;60;2;formation sélective
67;64;5;formation sélective
67;120;0;formation sélective
67;70;13;formation sélective
67;125;53;formation sélective
67;96;38;formation sélective
67;112;53;formation sélective
67;24;0;formation sélective
67;60;31;formation sélective
67;107;55;formation sélective
67;24;0;formation sélective
67;25;4;formation sélective
67;30;3;formation non sélective
67;35;1;formation non sélective
67;40;4;formation non sélective
67;30;0;formation non sélective
67;150;18;formation non sélective
67;227;45;formation non sélective
67;135;26;formation non sélective
68;35;0;formation sélective
68;36;3;formation sélective
68;35;0;formation sélective
68;12;0;formation sélective
68;24;0;formation sélective
68;24;3;formation sélective
68;24;0;formation sélective
68;28;11;formation sélective
68;15;8;formation sélective
69;35;0;formation sélective
69;35;1;formation sélective
69;70;0;formation sélective
69;35;2;formation sélective
69;35;2;formation sélective
69;32;0;formation sélective
69;35;3;formation sélective
69;48;46;formation sélective
69;24;2;formation sélective
69;18;0;formation sélective
69;100;82;formation sélective
69;145;62;formation sélective
69;42;20;formation sélective
69;40;47;formation sélective
69;25;0;formation sélective
69;32;8;formation sélective
69;38;10;formation sélective
69;24;1;formation sélective
69;34;0;formation sélective
69;560;197;formation non sélective
69;56;19;formation sélective
69;260;117;formation non sélective
69;40;2;formation non sélective
69;50;8;formation non sélective
69;15;12;formation sélective
69;10;7;formation sélective
69;10;8;formation sélective
69;5;3;formation sélective
69;30;21;formation sélective
69;24;0;formation sélective
69;24;1;formation sélective
69;35;0;formation sélective
69;96;85;formation sélective
69;48;46;formation sélective
69;24;0;formation sélective
69;35;3;formation sélective
69;52;21;formation sélective
69;56;28;formation sélective
69;150;62;formation sélective
69;28;8;formation sélective
69;15;15;formation sélective
69;20;18;formation sélective
70;30;1;formation sélective
70;52;6;formation sélective
70;54;4;formation sélective
70;30;5;formation sélective
71;40;7;formation sélective
71;15;0;formation sélective
71;15;0;formation sélective
71;15;0;formation sélective
71;15;0;formation sélective
71;30;22;formation sélective
71;72;10;formation sélective
71;24;1;formation sélective
71;155;66;formation non sélective
71;35;0;formation sélective
72;27;0;formation sélective
72;27;0;formation sélective
72;15;0;formation sélective
72;18;0;formation sélective
72;45;20;formation sélective
72;24;0;formation sélective
72;91;35;formation sélective
72;168;53;formation sélective
72;33;0;formation sélective
72;24;4;formation sélective
72;32;2;formation sélective
72;15;0;formation sélective
72;35;1;formation sélective
73;24;0;formation sélective
73;15;0;formation sélective
73;55;3;formation non sélective
73;265;142;formation non sélective
73;30;0;formation sélective
73;11;0;formation sélective
73;307;137;formation non sélective
73;17;10;formation non sélective
73;26;11;formation sélective
73;56;24;formation sélective
74;96;69;formation sélective
74;48;32;formation sélective
74;24;0;formation sélective
74;24;0;formation sélective
74;34;1;formation sélective
74;15;0;formation sélective
74;24;0;formation sélective
74;96;0;formation sélective
74;34;8;formation sélective
74;35;3;formation sélective
74;104;47;formation sélective
74;90;22;formation sélective
74;14;9;formation sélective
74;34;0;formation sélective
74;190;121;formation non sélective
75;96;93;formation sélective
75;92;91;formation sélective
75;240;236;formation sélective
75;144;144;formation sélective
75;96;59;formation sélective
75;24;0;formation sélective
75;96;96;formation sélective
75;96;76;formation sélective
75;24;18;formation sélective
75;24;2;formation sélective
75;48;40;formation sélective
75;48;31;formation sélective
75;30;11;formation sélective
75;30;0;formation sélective
75;35;1;formation sélective
75;90;76;formation sélective
75;35;0;formation sélective
75;35;0;formation sélective
75;48;0;formation sélective
75;84;8;formation sélective
75;30;3;formation sélective
75;48;37;formation sélective
75;47;45;formation sélective
75;96;85;formation sélective
75;48;44;formation sélective
75;24;1;formation sélective
75;15;0;formation sélective
75;24;0;formation sélective
75;24;1;formation sélective
75;48;0;formation sélective
75;24;0;formation sélective
75;24;0;formation sélective
75;48;8;formation sélective
75;100;93;formation sélective
75;60;38;formation sélective
75;18;4;formation non sélective
75;50;38;formation sélective
75;350;270;formation non sélective
75;15;8;formation non sélective
75;20;10;formation non sélective
75;28;6;formation non sélective
75;180;103;formation non sélective
75;26;10;formation non sélective
75;70;41;formation non sélective
75;46;17;formation non sélective
75;54;35;formation non sélective
75;335;184;formation non sélective
75;60;3;formation non sélective
75;70;3;formation non sélective
75;140;14;formation non sélective
75;55;3;formation non sélective
75;30;10;formation sélective
75;25;22;formation sélective
75;35;19;formation sélective
75;30;17;formation sélective
75;90;43;formation non sélective
75;30;20;formation sélective
75;77;56;formation sélective
75;100;39;formation non sélective
75;124;95;formation non sélective
75;160;110;formation non sélective
75;24;1;formation sélective
75;35;8;formation sélective
75;35;0;formation sélective
75;35;5;formation sélective
75;10;0;formation non sélective
75;25;0;formation non sélective
75;20;0;formation non sélective
75;55;3;formation non sélective
75;10;0;formation non sélective
75;10;0;formation non sélective
75;25;0;formation non sélective
75;25;0;formation non sélective
75;55;6;formation non sélective
75;10;0;formation non sélective
75;60;5;formation non sélective
75;110;38;formation non sélective
75;250;210;formation sélective
75;24;0;formation sélective
75;34;0;formation sélective
75;30;3;formation sélective
75;70;1;formation sélective
75;36;3;formation sélective
75;36;1;formation sélective
75;32;2;formation sélective
75;56;7;formation sélective
75;56;25;formation sélective
76;14;0;formation sélective
76;29;0;formation sélective
76;35;1;formation sélective
76;35;0;formation sélective
76;35;10;formation sélective
76;96;94;formation sélective
76;96;94;formation sélective
76;48;48;formation sélective
76;48;40;formation sélective
76;60;3;formation sélective
76;35;1;formation sélective
76;35;0;formation sélective
76;15;0;formation sélective
76;100;74;formation sélective
76;104;34;formation sélective
76;78;16;formation sélective
76;91;41;formation sélective
76;140;54;formation sélective
76;24;20;formation sélective
76;27;1;formation sélective
76;14;0;formation sélective
76;35;1;formation sélective
76;35;2;formation sélective
76;35;0;formation sélective
76;53;0;formation sélective
76;35;17;formation sélective
76;15;2;formation sélective
76;15;0;formation sélective
76;35;1;formation sélective
76;360;120;formation non sélective
76;165;31;formation non sélective
76;150;24;formation non sélective
76;300;54;formation non sélective
76;108;12;formation non sélective
76;15;0;formation sélective
76;18;0;formation sélective
76;35;0;formation sélective
76;35;2;formation sélective
77;24;2;formation sélective
77;35;22;formation sélective
77;24;7;formation sélective
77;35;14;formation sélective
77;24;0;formation sélective
77;31;2;formation sélective
77;34;0;formation sélective
77;24;0;formation sélective
77;24;0;formation sélective
77;12;0;formation sélective
77;35;0;formation sélective
77;35;3;formation sélective
77;22;0;formation sélective
77;13;0;formation sélective
77;26;9;formation sélective
77;110;37;formation sélective
77;50;4;formation sélective
77;52;21;formation sélective
77;115;20;formation non sélective
78;31;1;formation sélective
78;34;33;formation sélective
78;33;5;formation sélective
78;33;0;formation sélective
78;33;0;formation sélective
78;34;32;formation sélective
78;70;0;formation sélective
78;35;1;formation sélective
78;76;38;formation sélective
78;68;63;formation sélective
78;115;11;formation non sélective
78;58;20;formation non sélective
78;50;13;formation sélective
78;56;17;formation sélective
78;48;46;formation sélective
78;96;82;formation sélective
78;22;0;formation sélective
78;35;1;formation sélective
78;35;16;formation sélective
78;35;3;formation sélective
78;28;2;formation sélective
78;35;0;formation sélective
79;18;0;formation sélective
79;20;0;formation sélective
79;20;0;formation sélective
79;31;0;formation sélective
79;21;0;formation sélective
79;18;1;formation sélective
79;34;0;formation sélective
79;24;2;formation sélective
79;32;0;formation sélective
80;32;3;formation sélective
80;32;0;formation sélective
80;48;33;formation sélective
80;30;3;formation sélective
80;32;7;formation sélective
80;120;32;formation sélective
80;222;48;formation sélective
80;17;2;formation sélective
80;126;6;formation non sélective
80;275;119;formation non sélective
80;394;59;formation non sélective
80;28;1;formation sélective
80;15;0;formation sélective
80;35;2;formation sélective
81;40;0;formation sélective
81;30;0;formation sélective
81;33;0;formation sélective
81;26;1;formation sélective
81;20;0;formation sélective
81;26;6;formation sélective
81;40;12;formation non sélective
81;40;10;formation non sélective
82;24;0;formation sélective
83;35;1;formation sélective
83;96;31;formation sélective
83;96;40;formation sélective
83;59;1;formation sélective
83;15;1;formation sélective
83;36;5;formation sélective
83;22;6;formation sélective
83;24;4;formation sélective
83;66;13;formation sélective
83;24;1;formation sélective
84;48;35;formation sélective
84;36;3;formation sélective
84;36;4;formation sélective
84;24;0;formation sélective
84;30;1;formation sélective
84;12;1;formation sélective
84;24;0;formation sélective
84;24;0;formation sélective
84;16;0;formation sélective
84;16;1;formation sélective
84;16;0;formation sélective
84;343;116;formation non sélective
84;200;77;formation non sélective
84;120;5;formation non sélective
84;28;4;formation sélective
84;36;14;formation sélective
84;36;16;formation sélective
85;24;0;formation sélective
85;24;21;formation sélective
85;24;1;formation sélective
85;35;4;formation sélective
85;35;8;formation sélective
85;15;0;formation sélective
85;24;0;formation sélective
85;32;6;formation sélective
85;32;3;formation sélective
85;44;1;formation sélective
85;38;1;formation sélective
85;8;7;formation sélective
85;15;5;formation sélective
85;60;23;formation sélective
85;50;6;formation sélective
85;115;40;formation non sélective
85;190;129;formation sélective
86;14;0;formation sélective
86;24;1;formation sélective
86;24;0;formation sélective
86;17;3;formation sélective
86;34;0;formation sélective
86;31;4;formation sélective
86;98;23;formation sélective
86;79;37;formation sélective
86;19;2;formation sélective
86;39;10;formation sélective
86;82;25;formation sélective
87;48;45;formation sélective
87;35;0;formation sélective
87;18;4;formation sélective
87;24;0;formation sélective
87;140;35;formation sélective
87;100;10;formation non sélective
87;290;48;formation non sélective
88;35;0;formation sélective
88;35;1;formation sélective
88;36;0;formation sélective
88;25;0;formation sélective
89;18;1;formation sélective
89;15;0;formation sélective
90;40;12;formation sélective
90;30;0;formation sélective
90;52;7;formation sélective
90;28;6;formation sélective
90;28;2;formation sélective
91;34;0;formation sélective
91;32;0;formation sélective
91;32;1;formation sélective
91;32;1;formation sélective
91;30;0;formation sélective
91;32;1;formation sélective
91;320;164;formation non sélective
91;35;25;formation sélective
91;31;0;formation sélective
91;28;0;formation sélective
91;27;3;formation sélective
91;210;18;formation non sélective
91;24;0;formation sélective
91;47;3;formation sélective
91;40;4;formation sélective
91;40;4;formation sélective
91;54;7;formation sélective
91;32;0;formation sélective
92;12;8;formation sélective
92;12;8;formation sélective
92;32;1;formation sélective
92;28;0;formation sélective
92;96;92;formation sélective
92;48;47;formation sélective
92;35;3;formation sélective
92;35;0;formation sélective
92;32;2;formation sélective
92;45;42;formation sélective
92;86;33;formation sélective
92;28;0;formation sélective
92;30;0;formation sélective
92;20;9;formation sélective
92;282;138;formation non sélective
92;20;3;formation non sélective
92;50;11;formation non sélective
92;28;0;formation sélective
92;39;0;formation sélective
92;80;2;formation sélective
92;16;0;formation sélective
92;35;3;formation sélective
92;21;8;formation non sélective
92;50;24;formation sélective
93;32;1;formation sélective
93;24;1;formation sélective
93;35;0;formation sélective
93;35;0;formation sélective
93;32;0;formation sélective
93;35;9;formation sélective
93;32;0;formation sélective
93;24;17;formation sélective
93;12;0;formation sélective
93;48;1;formation sélective
93;70;0;formation sélective
93;35;1;formation sélective
93;70;53;formation sélective
93;35;1;formation sélective
93;35;0;formation sélective
93;40;11;formation sélective
93;96;13;formation sélective
93;25;0;formation sélective
93;74;23;formation sélective
93;250;68;formation non sélective
93;120;73;formation non sélective
93;330;67;formation non sélective
93;145;55;formation non sélective
93;24;12;formation sélective
93;35;2;formation sélective
93;35;1;formation sélective
93;23;0;formation sélective
93;23;1;formation sélective
93;65;1;formation sélective
93;30;6;formation sélective
93;18;0;formation sélective
93;24;0;formation sélective
93;30;0;formation sélective
94;45;0;formation sélective
94;35;4;formation sélective
94;35;0;formation sélective
94;35;5;formation sélective
94;24;2;formation sélective
94;24;0;formation sélective
94;35;30;formation sélective
94;35;0;formation sélective
94;24;0;formation sélective
94;15;2;formation sélective
94;39;37;formation sélective
94;35;0;formation sélective
94;35;0;formation sélective
94;24;0;formation sélective
94;36;4;formation sélective
94;24;0;formation sélective
94;24;10;formation sélective
94;80;60;formation sélective
94;90;53;formation sélective
94;72;4;formation sélective
94;78;22;formation sélective
94;26;3;formation sélective
94;52;19;formation sélective
94;30;0;formation sélective
94;35;8;formation sélective
94;33;2;formation sélective
95;35;0;formation sélective
95;35;6;formation sélective
95;35;1;formation sélective
95;35;2;formation sélective
95;60;2;formation non sélective
95;125;37;formation non sélective
95;56;17;formation sélective
20;32;3;formation sélective
20;50;9;formation sélective
20;55;17;formation non sélective
20;40;3;formation non sélective
20;70;11;formation non sélective
971;28;1;formation sélective
971;15;2;formation sélective
971;45;28;formation sélective
971;75;9;formation non sélective
971;150;13;formation non sélective
971;40;13;formation non sélective
971;30;0;formation sélective
971;34;4;formation sélective
971;32;9;formation sélective
971;15;6;formation sélective
971;26;0;formation sélective
971;26;0;formation sélective
971;28;7;formation sélective
971;18;0;formation sélective
971;24;3;formation sélective
972;30;4;formation sélective
972;45;34;formation sélective
972;40;10;formation sélective
972;14;3;formation sélective
972;28;1;formation sélective
972;28;5;formation sélective
972;30;5;formation sélective
972;20;0;formation sélective
972;50;0;formation sélective
972;18;0;formation sélective
972;26;20;formation sélective
972;75;8;formation non sélective
972;300;44;formation non sélective
973;28;2;formation sélective
973;120;9;formation non sélective
973;410;20;formation non sélective
973;26;7;formation sélective
974;32;1;formation sélective
974;30;0;formation sélective
974;32;1;formation sélective
974;30;0;formation sélective
974;45;28;formation sélective
974;52;15;formation sélective
974;15;0;formation sélective
974;35;0;formation sélective
974;36;9;formation sélective
974;35;2;formation sélective
974;15;0;formation sélective
987;28;3;formation sélective
987;20;1;formation sélective
987;20;0;formation sélective
89;25;1;formation sélective
12;40;13;formation sélective
83;15;4;formation sélective
33;35;0;formation sélective
45;100;58;formation non sélective
92;28;1;formation sélective
4;15;0;formation sélective
75;45;4;formation sélective
59;30;2;formation sélective
33;35;4;formation sélective
75;60;8;formation sélective
10;30;4;formation sélective
18;24;1;formation sélective
51;64;28;formation non sélective
62;30;0;formation sélective
59;65;32;formation sélective
13;922;198;formation non sélective
13;252;90;formation non sélective
13;165;53;formation non sélective
13;75;11;formation non sélective
59;200;36;formation non sélective
56;8;0;formation sélective
6;25;4;formation non sélective
76;15;1;formation sélective
94;38;0;formation sélective
13;35;0;formation sélective
59;15;0;formation sélective
20;20;0;formation sélective
45;15;1;formation sélective
75;35;2;formation sélective
21;65;50;formation non sélective
72;18;0;formation sélective
38;30;2;formation sélective
31;12;1;formation sélective
88;35;0;formation sélective
75;15;0;formation sélective
75;32;0;formation sélective
33;45;1;formation sélective
95;14;0;formation sélective
974;16;2;formation sélective
974;24;0;formation sélective
45;24;2;formation sélective
59;15;0;formation sélective
59;15;0;formation sélective
37;80;43;formation non sélective
26;34;1;formation sélective
65;32;5;formation sélective
48;26;2;formation sélective
35;150;15;formation sélective
35;80;6;formation sélective
76;5;0;formation sélective
33;30;13;formation sélective
13;15;0;formation sélective
20;30;5;formation non sélective
54;50;11;formation non sélective
69;36;3;formation non sélective
57;70;7;formation non sélective
26;25;11;formation sélective
971;12;0;formation sélective
59;30;0;formation sélective
49;36;1;formation non sélective
974;84;51;formation non sélective
25;18;1;formation sélective
93;35;26;formation sélective
7;31;0;formation sélective
987;16;1;formation sélective
7;15;0;formation sélective
73;24;3;formation sélective
44;34;1;formation sélective
31;33;0;formation sélective
95;30;4;formation sélective
972;12;0;formation sélective
972;14;0;formation sélective
60;24;0;formation sélective
2;18;0;formation sélective
17;18;0;formation sélective
94;55;33;formation sélective
75;43;8;formation sélective
29;30;0;formation sélective
78;30;2;formation sélective
45;10;0;formation sélective
13;15;0;formation sélective
77;32;31;formation sélective
83;15;0;formation sélective
59;35;1;formation sélective
59;35;0;formation sélective
69;75;42;formation non sélective
73;10;1;formation sélective
33;30;10;formation sélective
75;105;59;formation non sélective
6;80;43;formation sélective
51;120;10;formation non sélective
83;15;9;formation sélective
92;20;6;formation non sélective
92;20;1;formation non sélective
8;40;1;formation sélective
64;35;12;formation non sélective
34;100;23;formation non sélective
68;57;8;formation non sélective
14;646;368;formation non sélective
59;20;1;formation sélective
971;8;2;formation sélective
93;75;2;formation non sélective
93;130;8;formation non sélective
67;70;1;formation sélective
22;80;12;formation non sélective
17;15;14;formation sélective
18;24;1;formation sélective
49;15;4;formation sélective
75;20;15;formation non sélective
68;40;22;formation sélective
81;20;1;formation non sélective
48;20;0;formation sélective
62;72;15;formation non sélective
31;150;15;formation non sélective
59;35;24;formation sélective
67;100;3;formation non sélective
972;100;8;formation non sélective
67;20;12;formation sélective
67;60;23;formation non sélective
82;15;0;formation sélective
45;8;0;formation sélective
13;15;1;formation sélective
66;26;2;formation sélective
71;18;2;formation sélective
75;17;0;formation sélective
58;12;0;formation sélective
31;15;0;formation sélective
21;15;1;formation sélective
70;18;0;formation sélective
30;40;4;formation sélective
91;20;5;formation sélective
63;12;2;formation sélective
75;50;8;formation non sélective
13;200;25;formation non sélective
13;200;25;formation non sélective
38;24;1;formation sélective
59;60;20;formation non sélective
19;10;0;formation sélective
26;24;1;formation sélective
26;34;0;formation sélective
26;24;0;formation sélective
68;16;8;formation sélective
33;18;1;formation sélective
971;25;1;formation sélective
971;25;0;formation sélective
25;60;15;formation non sélective
973;115;9;formation non sélective
31;9;0;formation sélective
38;120;71;formation non sélective
64;150;30;formation non sélective
75;30;25;formation sélective
72;40;12;formation sélective
38;200;166;formation sélective
93;95;24;formation non sélective
44;33;1;formation sélective
34;15;0;formation sélective
94;30;27;formation sélective
75;31;14;formation non sélective
75;20;4;formation sélective
28;20;4;formation sélective
37;15;0;formation sélective
59;50;2;formation sélective
59;50;1;formation sélective
60;31;0;formation sélective
57;6;3;formation sélective
79;24;0;formation sélective
12;27;26;formation sélective
1;24;0;formation sélective
81;16;3;formation sélective
62;18;0;formation sélective
63;15;0;formation sélective
5;16;1;formation sélective
31;120;10;formation non sélective
8;15;0;formation sélective
56;16;0;formation sélective
38;14;0;formation sélective
76;35;0;formation sélective
31;25;22;formation sélective
974;24;3;formation sélective
77;24;0;formation sélective
76;15;0;formation sélective
31;50;26;formation non sélective
13;18;0;formation sélective
32;12;0;formation sélective
29;40;1;formation sélective
29;40;2;formation sélective
44;6;2;formation sélective
35;40;8;formation non sélective
49;12;0;formation sélective
93;12;1;formation sélective
30;50;18;formation sélective
68;15;4;formation sélective
37;40;4;formation sélective
58;30;14;formation non sélective
56;60;27;formation sélective
987;20;1;formation sélective
25;15;0;formation sélective
22;15;0;formation sélective
972;10;2;formation sélective
69;30;12;formation non sélective
95;30;0;formation sélective
69;15;0;formation sélective
93;28;0;formation sélective
80;15;0;formation sélective
974;16;0;formation sélective
75;28;2;formation sélective
974;12;0;formation sélective
974;15;1;formation sélective
90;30;4;formation sélective
90;10;0;formation sélective
987;24;0;formation sélective
68;15;1;formation sélective
63;9;0;formation sélective
33;10;4;formation sélective
35;48;30;formation sélective
35;30;14;formation sélective
14;40;9;formation non sélective
14;50;28;formation non sélective
14;40;2;formation non sélective
76;30;8;formation sélective
33;35;0;formation sélective
40;15;0;formation sélective
40;15;0;formation sélective
64;32;3;formation sélective
75;20;2;formation non sélective
75;10;1;formation non sélective
85;50;11;formation sélective
85;40;36;formation sélective
92;24;9;formation sélective
35;33;1;formation sélective
86;24;6;formation sélective
78;34;5;formation sélective
34;48;7;formation sélective
13;54;5;formation sélective
91;33;4;formation sélective
63;40;9;formation sélective
14;27;5;formation sélective
80;31;8;formation sélective
75;10;2;formation non sélective
972;90;8;formation non sélective
75;10;9;formation sélective
987;33;3;formation sélective
971;70;21;formation non sélective
78;350;204;formation non sélective
14;70;4;formation non sélective
14;40;5;formation non sélective
21;2;0;formation sélective
21;18;0;formation sélective
974;30;23;formation sélective
33;24;0;formation sélective
69;48;37;formation sélective
971;180;16;formation non sélective
17;9;0;formation sélective
44;18;3;formation sélective
44;35;0;formation sélective
53;12;0;formation sélective
22;23;0;formation sélective
978;18;0;formation sélective
51;18;0;formation sélective
56;30;0;formation sélective
987;30;4;formation sélective
25;17;4;formation sélective
33;12;0;formation sélective
63;15;0;formation sélective
93;30;14;formation non sélective
976;35;4;formation sélective
976;35;2;formation sélective
73;18;1;formation sélective
60;15;0;formation sélective
76;15;0;formation sélective
987;17;0;formation sélective
76;15;0;formation sélective
69;10;0;formation sélective
42;15;0;formation sélective
2;15;0;formation sélective
972;13;0;formation sélective
13;16;0;formation sélective
93;15;0;formation sélective
43;36;2;formation sélective
63;40;22;formation sélective
84;120;7;formation non sélective
83;120;32;formation non sélective
73;85;35;formation non sélective
6;315;93;formation non sélective
16;190;98;formation non sélective
13;35;3;formation non sélective
74;60;4;formation sélective
6;15;0;formation sélective
37;30;0;formation sélective
86;80;27;formation non sélective
974;15;0;formation sélective
49;30;16;formation sélective
68;28;6;formation non sélective
86;270;44;formation non sélective
13;45;33;formation sélective
60;115;15;formation non sélective
13;32;1;formation sélective
87;75;16;formation non sélective
87;36;3;formation non sélective
43;30;4;formation sélective
69;12;0;formation sélective
38;3400;22;formation sélective
38;1200;11;formation sélective
38;300;2;formation sélective
69;2000;3;formation sélective
86;1200;6;formation sélective
86;900;0;formation sélective
83;16;1;formation sélective
72;15;0;formation sélective
61;6;0;formation sélective
37;29;1;formation sélective
92;12;0;formation sélective
92;170;10;formation non sélective
77;35;4;formation sélective
57;30;1;formation sélective
75;250;47;formation non sélective
86;15;8;formation sélective
86;16;17;formation sélective
54;18;0;formation sélective
33;18;1;formation sélective
75;50;50;formation sélective
29;10;3;formation non sélective
29;12;6;formation non sélective
31;18;0;formation sélective
92;15;7;formation sélective
25;20;3;formation sélective
75;24;1;formation sélective
73;18;0;formation sélective
38;12;1;formation sélective
34;30;0;formation sélective
33;3;0;formation sélective
54;3;0;formation sélective
86;16;0;formation sélective
44;2;1;formation sélective
92;30;1;formation sélective
13;15;1;formation sélective
49;10;2;formation sélective
57;15;0;formation sélective
94;22;2;formation sélective
67;10;3;formation non sélective
31;24;1;formation sélective
33;20;0;formation sélective
64;12;0;formation sélective
67;14;8;formation sélective
67;18;3;formation sélective
34;15;7;formation sélective
95;15;4;formation sélective
29;15;2;formation sélective
29;40;20;formation sélective
69;16;0;formation sélective
31;10;2;formation sélective
75;15;4;formation sélective
75;15;9;formation sélective
75;15;5;formation sélective
75;6;3;formation sélective
75;15;4;formation sélective
49;55;9;formation sélective
59;30;5;formation sélective
987;17;0;formation sélective
59;15;0;formation sélective
41;15;0;formation sélective
37;20;7;formation sélective
92;10;4;formation sélective
77;10;3;formation sélective
75;12;1;formation sélective
75;12;4;formation sélective
75;12;4;formation sélective
25;8;3;formation sélective
83;6;1;formation sélective
40;15;2;formation sélective
33;30;1;formation sélective
974;15;0;formation sélective
31;18;1;formation sélective
59;8;0;formation sélective
59;24;0;formation sélective
31;24;0;formation sélective
83;12;1;formation sélective
69;35;0;formation sélective
6;105;30;formation non sélective
6;45;6;formation non sélective
6;30;4;formation non sélective
87;50;50;formation sélective
974;10;1;formation sélective
75;40;39;formation sélective
21;2;0;formation sélective
59;30;0;formation sélective
2;4;0;formation sélective
95;6;0;formation sélective
49;10;0;formation sélective
59;10;0;formation sélective
94;30;0;formation sélective
87;5;0;formation sélective
75;150;18;formation sélective
13;18;1;formation sélective
95;77;6;formation sélective
95;66;2;formation sélective
5;28;1;formation sélective
13;140;16;formation sélective
13;121;15;formation sélective
49;81;11;formation sélective
93;84;7;formation sélective
93;82;9;formation sélective
93;72;5;formation sélective
6;100;17;formation sélective
6;109;26;formation sélective
83;108;35;formation sélective
2;67;5;formation sélective
80;88;13;formation sélective
21;156;24;formation sélective
58;118;7;formation sélective
71;61;7;formation sélective
89;45;3;formation sélective
14;142;47;formation sélective
50;54;9;formation sélective
3;72;11;formation sélective
3;88;16;formation sélective
3;90;8;formation sélective
70;56;7;formation sélective
26;107;9;formation sélective
38;55;12;formation sélective
73;125;19;formation sélective
974;86;29;formation sélective
59;109;6;formation sélective
59;105;13;formation sélective
59;102;7;formation sélective
62;103;7;formation sélective
87;121;22;formation sélective
69;105;18;formation sélective
11;65;9;formation sélective
30;47;12;formation sélective
30;139;22;formation sélective
34;90;10;formation sélective
57;44;4;formation sélective
88;58;6;formation sélective
75;102;20;formation sélective
92;89;2;formation sélective
8;101;9;formation sélective
51;170;21;formation sélective
52;62;2;formation sélective
76;242;45;formation sélective
67;163;19;formation sélective
67;59;19;formation sélective
67;53;8;formation sélective
67;63;5;formation sélective
68;124;19;formation sélective
31;210;58;formation sélective
32;64;6;formation sélective
28;58;4;formation sélective
36;84;5;formation sélective
37;44;5;formation sélective
77;98;10;formation sélective
75;125;3;formation sélective
78;83;1;formation sélective
78;69;4;formation sélective
974;15;2;formation sélective
86;60;12;formation non sélective
51;120;38;formation non sélective
51;128;47;formation non sélective
29;65;7;formation sélective
45;200;18;formation non sélective
47;30;1;formation sélective
45;120;3;formation non sélective
74;28;0;formation sélective
45;90;29;formation non sélective
45;100;33;formation non sélective
63;10;1;formation sélective
63;5;2;formation sélective
35;35;7;formation sélective
56;6;0;formation sélective
18;5;0;formation sélective
75;10;7;formation non sélective
86;15;7;formation non sélective
86;5;1;formation non sélective
74;12;12;formation sélective
13;30;0;formation sélective
75;14;0;formation sélective
61;33;5;formation sélective
63;70;8;formation sélective
93;45;1;formation sélective
21;10;0;formation sélective
69;15;0;formation sélective
75;25;6;formation sélective
75;55;5;formation sélective
37;52;6;formation sélective
3;15;4;formation sélective
75;15;14;formation non sélective
974;15;5;formation sélective
974;15;0;formation sélective
30;24;2;formation sélective
51;48;0;formation sélective
33;72;21;formation sélective
94;18;2;formation sélective
69;31;2;formation sélective
13;30;11;formation non sélective
13;25;16;formation non sélective
75;75;44;formation non sélective
75;10;4;formation non sélective
13;45;4;formation non sélective
75;7;2;formation non sélective
13;129;30;formation non sélective
13;60;22;formation non sélective
57;15;5;formation sélective
75;25;0;formation non sélective
56;12;0;formation sélective
13;15;8;formation sélective
13;15;4;formation sélective
13;8;8;formation sélective
21;25;24;formation sélective
42;12;0;formation sélective
86;395;206;formation non sélective
88;16;0;formation sélective
75;55;8;formation non sélective
59;30;6;formation non sélective
45;35;9;formation non sélective
45;80;10;formation non sélective
41;15;1;formation sélective
75;20;0;formation sélective
88;15;3;formation sélective
44;10;6;formation sélective
50;35;11;formation sélective
87;12;0;formation sélective
75;25;26;formation sélective
33;26;7;formation sélective
76;16;7;formation sélective
26;20;0;formation sélective
75;85;13;formation non sélective
75;20;2;formation non sélective
75;15;6;formation non sélective
75;15;0;formation non sélective
83;15;5;formation sélective
83;15;3;formation sélective
38;15;4;formation sélective
38;15;6;formation sélective
51;15;0;formation sélective
976;24;2;formation sélective
75;20;5;formation sélective
971;12;0;formation sélective
31;40;19;formation sélective
69;34;32;formation sélective
52;15;3;formation sélective
92;10;1;formation sélective
34;12;0;formation sélective
77;48;30;formation sélective
77;60;31;formation sélective
56;50;40;formation sélective
3;35;2;formation sélective
79;12;0;formation sélective
15;48;3;formation sélective
59;16;6;formation sélective
59;17;5;formation sélective
59;16;1;formation sélective
59;16;9;formation sélective
59;15;4;formation sélective
29;2;1;formation sélective
67;5;4;formation sélective
85;15;2;formation sélective
35;80;10;formation sélective
36;20;2;formation sélective
14;38;4;formation sélective
33;90;4;formation sélective
14;24;3;formation sélective
38;40;3;formation sélective
95;30;3;formation sélective
45;20;3;formation sélective
51;33;4;formation sélective
51;18;4;formation sélective
59;20;3;formation sélective
84;15;0;formation sélective
77;43;1;formation sélective
22;30;2;formation sélective
67;25;0;formation sélective
59;16;2;formation sélective
62;18;0;formation sélective
973;15;1;formation sélective
91;155;91;formation non sélective
29;11;2;formation sélective
59;18;2;formation sélective
59;45;4;formation sélective
94;85;2;formation sélective
91;22;0;formation sélective
972;8;1;formation sélective
59;15;0;formation sélective
64;30;14;formation sélective
33;55;28;formation sélective
31;48;24;formation sélective
76;108;45;formation sélective
62;24;0;formation sélective
31;24;0;formation sélective
9;15;0;formation sélective
59;89;9;formation sélective
971;16;1;formation sélective
93;59;0;formation sélective
75;93;8;formation sélective
14;45;3;formation sélective
59;24;6;formation sélective
62;30;1;formation sélective
92;18;3;formation sélective
976;24;4;formation sélective
80;100;22;formation non sélective
80;85;22;formation non sélective
80;85;31;formation non sélective
46;18;2;formation sélective
8;15;0;formation sélective
88;24;2;formation sélective
2;18;0;formation sélective
26;12;0;formation sélective
43;12;0;formation sélective
21;8;0;formation sélective
69;24;1;formation sélective
12;24;0;formation sélective
77;56;21;formation sélective
77;24;7;formation sélective
69;40;30;formation sélective
56;10;0;formation sélective
987;28;7;formation sélective
987;30;0;formation sélective
987;18;0;formation sélective
99;35;29;formation sélective
75;28;25;formation sélective
13;150;114;formation sélective
69;190;143;formation sélective
31;160;105;formation sélective
59;18;16;formation sélective
33;275;273;formation sélective
83;8;0;formation sélective
94;35;7;formation sélective
13;16;3;formation sélective
33;12;11;formation sélective
69;210;165;formation sélective
35;15;1;formation sélective
69;40;14;formation sélective
33;5;3;formation sélective
35;68;17;formation sélective
37;30;8;formation sélective
59;24;0;formation sélective
75;60;4;formation sélective
75;100;9;formation sélective
75;66;12;formation sélective
78;32;7;formation sélective
69;50;43;formation sélective
75;160;6;formation sélective
92;85;20;formation sélective
6;20;12;formation sélective
6;20;5;formation sélective
34;10;0;formation sélective
18;48;4;formation sélective
54;50;13;formation sélective
971;18;10;formation sélective
61;19;3;formation sélective
61;46;12;formation sélective
64;90;40;formation sélective
33;250;96;formation sélective
44;295;137;formation sélective
33;12;11;formation sélective
59;85;9;formation non sélective
33;12;3;formation sélective
33;12;8;formation sélective
59;50;20;formation sélective
59;350;354;formation sélective
59;80;62;formation sélective
33;130;36;formation sélective
33;30;14;formation sélective
974;63;4;formation non sélective
974;40;3;formation non sélective
31;27;4;formation sélective
13;15;7;formation sélective
76;140;20;formation non sélective
51;20;14;formation sélective
6;100;21;formation sélective
6;30;2;formation sélective
78;25;7;formation sélective
75;45;5;formation sélective
34;20;0;formation sélective
974;180;7;formation non sélective
69;30;2;formation sélective
69;30;0;formation sélective
69;90;5;formation sélective
69;30;0;formation sélective
35;200;25;formation non sélective
75;75;12;formation sélective
86;170;70;formation non sélective
63;80;36;formation non sélective
63;80;43;formation non sélective
63;40;23;formation non sélective
3;70;19;formation sélective
63;40;14;formation non sélective
56;10;1;formation non sélective
56;5;1;formation non sélective
83;17;0;formation sélective
35;130;27;formation non sélective
53;10;4;formation non sélective
76;36;5;formation non sélective
27;36;11;formation non sélective
75;40;25;formation non sélective
33;40;28;formation non sélective
33;690;615;formation non sélective
33;150;111;formation non sélective
33;150;139;formation non sélective
972;9;1;formation non sélective
75;7;1;formation sélective
75;5;2;formation sélective
75;4;0;formation sélective
72;5;0;formation non sélective
972;20;2;formation non sélective
33;40;7;formation non sélective
54;18;9;formation non sélective
49;10;2;formation non sélective
44;36;18;formation non sélective
91;45;12;formation non sélective
69;150;83;formation non sélective
13;15;0;formation sélective
77;13;8;formation sélective
33;30;18;formation non sélective
78;25;20;formation non sélective
78;330;67;formation sélective
92;8;1;formation sélective
92;3;0;formation sélective
13;35;16;formation sélective
75;10;10;formation sélective
87;12;14;formation non sélective
92;35;26;formation non sélective
25;30;5;formation non sélective
49;20;5;formation non sélective
35;28;0;formation sélective
971;20;22;formation non sélective
92;30;31;formation sélective
974;250;39;formation non sélective
6;180;64;formation non sélective
63;40;6;formation non sélective
63;60;36;formation sélective
974;90;34;formation non sélective
974;50;10;formation non sélective
974;80;46;formation non sélective
974;35;11;formation non sélective
29;45;37;formation non sélective
35;40;31;formation non sélective
21;30;11;formation non sélective
21;55;7;formation non sélective
21;36;25;formation non sélective
37;300;295;formation non sélective
21;77;39;formation non sélective
21;106;86;formation non sélective
37;40;34;formation non sélective
14;150;131;formation non sélective
49;20;7;formation non sélective
49;50;8;formation non sélective
19;20;2;formation non sélective
87;45;6;formation non sélective
62;50;31;formation non sélective
13;12;0;formation sélective
25;10;0;formation sélective
42;36;33;formation non sélective
42;36;32;formation non sélective
91;30;27;formation non sélective
91;75;66;formation non sélective
44;36;36;formation non sélective
44;36;10;formation non sélective
25;35;10;formation sélective
59;28;8;formation sélective
67;28;10;formation sélective
37;15;11;formation sélective
13;30;11;formation sélective
69;40;9;formation sélective
27;50;8;formation sélective
93;32;1;formation non sélective
93;32;1;formation non sélective
69;100;97;formation non sélective
93;25;0;formation non sélective
29;10;7;formation non sélective
94;175;68;formation non sélective
77;35;15;formation non sélective
94;30;19;formation non sélective
94;25;3;formation non sélective
974;50;3;formation non sélective
69;730;595;formation non sélective
75;15;9;formation non sélective
93;30;12;formation sélective
83;15;0;formation sélective
66;28;1;formation sélective
93;30;2;formation non sélective
93;15;6;formation non sélective
31;150;48;formation non sélective
62;20;4;formation sélective
59;25;1;formation sélective
93;205;163;formation non sélective
75;10;7;formation non sélective
75;15;13;formation non sélective
75;40;18;formation non sélective
75;15;6;formation non sélective
99;68;43;formation sélective
75;16;10;formation sélective
91;15;10;formation non sélective
13;45;14;formation non sélective
31;36;7;formation non sélective
56;36;20;formation non sélective
49;850;625;formation non sélective
76;38;33;formation non sélective
99;40;15;formation sélective
75;180;82;formation non sélective
94;24;15;formation sélective
13;20;8;formation non sélective
13;10;3;formation non sélective
59;30;25;formation sélective
80;8;2;formation non sélective
80;90;28;formation non sélective
29;75;17;formation non sélective
38;32;12;formation sélective
59;40;9;formation non sélective
73;25;16;formation non sélective
23;15;4;formation sélective
86;40;9;formation non sélective
29;320;136;formation non sélective
29;120;16;formation non sélective
29;75;13;formation non sélective
49;10;7;formation non sélective
22;20;9;formation non sélective
27;18;2;formation sélective
75;15;7;formation non sélective
29;40;8;formation non sélective
59;24;9;formation non sélective
76;200;169;formation non sélective
78;25;9;formation sélective
78;25;24;formation sélective
59;24;13;formation sélective
30;40;6;formation non sélective
13;15;10;formation sélective
94;1050;770;formation non sélective
91;15;15;formation sélective
24;20;0;formation sélective
49;6;3;formation non sélective
22;220;92;formation non sélective
93;20;18;formation non sélective
64;30;3;formation sélective
971;30;8;formation non sélective
59;465;260;formation non sélective
971;70;22;formation non sélective
49;43;3;formation sélective
75;8;0;formation sélective
75;20;6;formation non sélective
59;48;0;formation non sélective
78;30;17;formation non sélective
59;105;30;formation non sélective
59;105;93;formation non sélective
88;60;8;formation sélective
58;10;3;formation sélective
13;212;161;formation non sélective
63;15;1;formation sélective
14;12;5;formation sélective
14;20;15;formation sélective
67;48;13;formation sélective
67;70;29;formation sélective
76;60;21;formation sélective
76;5;0;formation sélective
76;15;0;formation sélective
59;15;1;formation sélective
94;50;17;formation sélective
75;80;58;formation non sélective
75;10;5;formation non sélective
75;10;6;formation sélective
92;30;11;formation sélective
94;42;0;formation sélective
75;15;6;formation non sélective
75;15;2;formation non sélective
73;4;0;formation non sélective
73;5;2;formation non sélective
81;7;0;formation non sélective
78;6;0;formation sélective
59;105;105;formation non sélective
59;35;13;formation non sélective
59;35;5;formation non sélective
70;5;2;formation sélective
66;27;3;formation sélective
8;15;0;formation sélective
51;24;1;formation sélective
31;36;18;formation non sélective
75;10;5;formation non sélective
75;120;0;formation sélective
7;18;0;formation sélective
2;35;4;formation sélective
69;37;47;formation sélective
69;3;0;formation sélective
79;60;17;formation non sélective
79;50;9;formation non sélective
31;18;0;formation sélective
68;24;2;formation sélective
34;14;0;formation sélective
972;24;0;formation sélective
75;10;2;formation sélective
41;15;0;formation sélective
26;34;0;formation sélective
69;18;0;formation sélective
976;15;0;formation sélective
31;40;11;formation non sélective
57;12;7;formation sélective
57;8;5;formation sélective
38;60;35;formation non sélective
974;20;6;formation non sélective
80;90;43;formation sélective
80;30;0;formation sélective
38;850;431;formation non sélective
35;10;0;formation sélective
94;35;11;formation sélective
91;25;0;formation sélective
71;10;0;formation sélective
31;100;22;formation non sélective
974;23;8;formation sélective
974;15;0;formation sélective
38;18;16;formation sélective
31;100;16;formation non sélective
75;291;143;formation non sélective
63;70;13;formation non sélective
63;100;25;formation non sélective
63;70;9;formation non sélective
63;35;16;formation non sélective
63;70;12;formation non sélective
26;5;2;formation non sélective
38;30;6;formation non sélective
75;12;12;formation sélective
59;270;194;formation sélective
59;35;22;formation sélective
63;22;25;formation sélective
87;18;2;formation non sélective
21;8;0;formation sélective
13;30;28;formation sélective
81;15;4;formation non sélective
75;70;36;formation sélective
5;24;18;formation sélective
13;24;9;formation sélective
13;40;11;formation sélective
80;24;1;formation sélective
60;24;16;formation sélective
3;24;11;formation sélective
94;24;18;formation sélective
71;24;2;formation sélective
87;24;5;formation sélective
69;24;14;formation sélective
42;24;3;formation sélective
30;48;22;formation sélective
30;48;0;formation sélective
44;48;40;formation sélective
44;48;48;formation sélective
44;34;11;formation sélective
14;48;30;formation sélective
75;48;32;formation sélective
75;48;45;formation sélective
75;16;15;formation sélective
987;35;20;formation sélective
35;25;26;formation sélective
68;12;1;formation sélective
78;24;22;formation sélective
92;24;0;formation sélective
95;35;4;formation sélective
92;48;46;formation sélective
78;48;22;formation sélective
92;23;16;formation sélective
78;24;24;formation sélective
38;24;17;formation sélective
26;11;2;formation sélective
68;12;0;formation sélective
31;24;26;formation sélective
51;24;24;formation sélective
42;24;7;formation sélective
33;33;31;formation sélective
21;24;26;formation sélective
78;24;23;formation sélective
38;24;25;formation sélective
29;24;8;formation sélective
51;24;24;formation sélective
92;24;9;formation sélective
59;30;26;formation sélective
69;19;22;formation sélective
21;24;26;formation sélective
54;24;22;formation sélective
87;24;12;formation sélective
13;24;18;formation sélective
31;48;46;formation sélective
75;48;48;formation sélective
1;20;7;formation sélective
59;24;23;formation sélective
49;95;38;formation non sélective
38;55;14;formation non sélective
34;36;22;formation non sélective
69;23;0;formation sélective
92;20;20;formation sélective
31;60;15;formation non sélective
66;30;22;formation non sélective
75;110;27;formation sélective
45;40;21;formation non sélective
83;20;5;formation non sélective
62;11;0;formation sélective
30;50;41;formation non sélective
30;92;72;formation non sélective
34;255;121;formation non sélective
34;75;27;formation non sélective
34;112;36;formation non sélective
31;24;15;formation sélective
31;24;12;formation sélective
91;48;14;formation sélective
37;70;6;formation sélective
80;40;4;formation sélective
38;115;18;formation non sélective
87;10;0;formation sélective
26;30;0;formation sélective
79;5;0;formation sélective
6;5;11;formation sélective
75;45;44;formation sélective
37;40;12;formation non sélective
44;70;11;formation non sélective
44;36;8;formation non sélective
44;327;111;formation non sélective
66;110;13;formation non sélective
974;115;5;formation non sélective
34;18;10;formation sélective
13;48;47;formation sélective
31;50;13;formation non sélective
6;48;48;formation sélective
31;48;47;formation sélective
10;20;1;formation non sélective
62;26;1;formation sélective
51;220;170;formation non sélective
51;8;4;formation non sélective
51;113;114;formation sélective
49;5;2;formation non sélective
69;15;5;formation sélective
93;25;1;formation sélective
93;20;2;formation sélective
93;20;3;formation sélective
90;32;3;formation non sélective
25;15;5;formation non sélective
40;15;0;formation sélective
35;30;2;formation sélective
64;15;1;formation sélective
75;20;6;formation sélective
74;25;10;formation non sélective
17;30;1;formation sélective
74;10;7;formation sélective
78;34;24;formation sélective
35;20;2;formation sélective
42;32;32;formation non sélective
74;30;14;formation sélective
95;15;14;formation non sélective
35;20;3;formation sélective
10;25;2;formation sélective
99;20;3;formation sélective
75;31;31;formation sélective
75;25;23;formation sélective
76;3;6;formation sélective
2;182;42;formation non sélective
25;49;27;formation non sélective
971;16;1;formation sélective
973;30;1;formation non sélective
78;20;14;formation non sélective
75;25;12;formation sélective
83;6;0;formation sélective
94;30;12;formation non sélective
87;50;14;formation non sélective
94;30;17;formation non sélective
972;30;6;formation non sélective
13;15;6;formation sélective
45;15;0;formation sélective
51;60;16;formation non sélective
71;12;1;formation sélective
80;40;42;formation sélective
76;25;22;formation sélective
45;60;50;formation non sélective
14;40;9;formation sélective
44;18;3;formation non sélective
34;20;1;formation sélective
49;12;1;formation sélective
75;35;8;formation sélective
76;30;1;formation sélective
76;50;0;formation sélective
75;550;518;formation non sélective
75;680;641;formation non sélective
25;16;1;formation sélective
75;80;74;formation non sélective
75;100;90;formation non sélective
69;50;27;formation sélective
76;15;1;formation sélective
76;12;0;formation sélective
94;35;1;formation sélective
45;32;4;formation sélective
87;16;1;formation sélective
13;15;0;formation sélective
34;7;5;formation sélective
94;45;28;formation sélective
92;40;1;formation sélective
3;18;1;formation sélective
31;46;6;formation sélective
42;15;2;formation sélective
90;15;0;formation sélective
45;10;0;formation sélective
84;24;7;formation sélective
34;28;19;formation sélective
92;15;0;formation sélective
77;15;1;formation sélective
93;30;0;formation sélective
62;15;0;formation sélective
75;15;1;formation sélective
56;25;3;formation sélective
56;30;19;formation non sélective
54;230;42;formation non sélective
75;30;26;formation sélective
33;300;193;formation non sélective
57;10;1;formation sélective
13;3;0;formation sélective
49;2;3;formation sélective
75;35;35;formation sélective
49;30;15;formation sélective
49;20;1;formation sélective
49;5;0;formation sélective
29;10;0;formation sélective
14;5;0;formation sélective
86;100;11;formation non sélective
86;90;19;formation non sélective
86;80;14;formation non sélective
14;4;0;formation sélective
44;2;0;formation sélective
69;10;4;formation sélective
64;2;0;formation sélective
69;128;42;formation non sélective
69;59;15;formation non sélective
69;85;63;formation non sélective
69;5;1;formation non sélective
69;2;0;formation non sélective
69;12;1;formation non sélective
69;28;1;formation non sélective
69;28;7;formation non sélective
69;3;0;formation non sélective
69;20;2;formation non sélective
69;5;0;formation non sélective
69;63;27;formation non sélective
69;33;12;formation non sélective
69;120;28;formation non sélective
69;51;27;formation non sélective
69;2;2;formation non sélective
69;5;1;formation non sélective
69;1;0;formation non sélective
13;3;3;formation sélective
974;12;0;formation sélective
974;12;0;formation sélective
91;20;13;formation non sélective
92;25;9;formation sélective
91;20;11;formation non sélective
60;80;13;formation sélective
21;30;15;formation sélective
74;7;7;formation sélective
86;30;26;formation sélective
69;27;7;formation non sélective
69;7;2;formation non sélective
69;3;0;formation non sélective
69;33;6;formation non sélective
69;33;9;formation non sélective
69;40;9;formation non sélective
44;28;3;formation sélective
69;2;1;formation non sélective
35;41;22;formation non sélective
69;116;28;formation non sélective
35;22;12;formation non sélective
44;230;125;formation sélective
76;36;0;formation sélective
64;3;2;formation sélective
75;40;7;formation sélective
56;70;10;formation non sélective
56;50;6;formation non sélective
56;18;0;formation non sélective
29;15;4;formation non sélective
29;15;1;formation non sélective
29;140;32;formation non sélective
42;37;11;formation non sélective
42;25;19;formation sélective
42;12;4;formation non sélective
75;28;30;formation sélective
69;32;26;formation non sélective
45;79;3;formation sélective
49;20;19;formation sélective
13;18;1;formation sélective
23;15;0;formation sélective
20;6;1;formation sélective
59;400;427;formation non sélective
26;75;13;formation non sélective
26;5;1;formation non sélective
44;24;5;formation sélective
92;2;0;formation sélective
987;40;5;formation non sélective
49;36;12;formation non sélective
75;40;25;formation non sélective
84;35;11;formation non sélective
25;30;8;formation sélective
69;20;15;formation sélective
35;70;64;formation non sélective
31;36;0;formation sélective
69;35;19;formation non sélective
29;80;40;formation non sélective
51;20;0;formation sélective
69;60;57;formation non sélective
81;3;2;formation non sélective
972;45;4;formation non sélective
2;25;12;formation non sélective
94;30;5;formation non sélective
73;30;12;formation non sélective
971;30;5;formation non sélective
34;36;7;formation non sélective
29;5;3;formation non sélective
29;10;9;formation non sélective
69;25;17;formation non sélective
31;35;32;formation sélective
18;15;0;formation sélective
974;24;14;formation sélective
86;21;7;formation sélective
19;15;0;formation sélective
987;35;15;formation non sélective
49;18;15;formation sélective
94;35;9;formation sélective
33;30;5;formation sélective
22;16;0;formation sélective
42;15;1;formation sélective
67;5;0;formation sélective
31;36;25;formation sélective
31;30;12;formation sélective
59;40;0;formation sélective
14;30;18;formation sélective
972;220;22;formation non sélective
972;25;10;formation non sélective
972;30;3;formation non sélective
972;10;1;formation non sélective
973;15;0;formation sélective
971;15;2;formation non sélective
78;35;0;formation sélective
49;130;119;formation non sélective
31;36;32;formation sélective
35;20;1;formation sélective
971;20;4;formation non sélective
17;12;0;formation sélective
51;90;40;formation sélective
51;25;0;formation sélective
22;12;0;formation sélective
33;34;7;formation sélective
51;19;0;formation sélective
87;30;7;formation sélective
33;15;1;formation sélective
31;50;2;formation non sélective
71;12;0;formation sélective
69;130;26;formation sélective
78;41;5;formation sélective
23;12;0;formation sélective
59;4;1;formation sélective
81;7;4;formation sélective
30;8;0;formation sélective
3;12;0;formation sélective
54;15;5;formation sélective
57;15;0;formation sélective
84;15;2;formation sélective
56;15;1;formation sélective
63;55;52;formation non sélective
76;15;0;formation sélective
6;45;38;formation sélective
37;40;12;formation sélective
59;25;9;formation sélective
6;12;0;formation sélective
31;25;0;formation sélective
95;50;3;formation sélective
29;25;0;formation sélective
69;24;21;formation sélective
8;12;0;formation sélective
75;20;9;formation sélective
54;19;0;formation sélective
49;15;0;formation sélective
75;42;1;formation sélective
69;5;0;formation sélective
31;1;0;formation sélective
31;1;0;formation sélective
11;15;0;formation sélective
12;10;0;formation sélective
74;5;0;formation sélective
31;0;0;formation sélective
32;1;0;formation sélective
78;15;0;formation sélective
63;3;0;formation sélective
7;28;1;formation sélective
25;24;2;formation sélective
60;1;0;formation sélective
45;15;8;formation non sélective
45;15;5;formation non sélective
92;25;19;formation sélective
972;12;0;formation sélective
58;20;5;formation sélective
